topic_id,topic_id_url,topic_name,subfield_name,field_name,domain_name,is_digital,daisy_group,ce_core,keywords
T10284,https://openalex.org/T10284,Anaerobic Digestion and Biogas Production,Building and Construction,Engineering,Physical Sciences,0,circular_economy,1,Anaerobic Digestion; Biogas Production; Methanogenic Archaea; Hydrogen Production; Waste-to-Energy; Microbial Community; Bioenergy; Fermentation; Waste Treatment; Renewable Energy
T10264,https://openalex.org/T10264,Asphalt Pavement Performance Evaluation,Civil and Structural Engineering,Engineering,Physical Sciences,0,circular_economy,1,Asphalt; Bitumen Modification; Rheology; Recycled Materials; Polymer Modification; Warm Mix; Rejuvenators; Nanomaterials; Pavement Engineering; Life Cycle Assessment
T12774,https://openalex.org/T12774,Bauxite Residue and Utilization,Mechanical Engineering,Engineering,Physical Sciences,0,circular_economy,1,Bauxite Residue; Red Mud; Utilization; Management; Recovery; Recycling; Environmental; Alkalinity; Rare Earths; Catalytic Applications
T13240,https://openalex.org/T13240,Bioeconomy and Sustainability Development,General Agricultural and Biological Sciences,Agricultural and Biological Sciences,Life Sciences,0,circular_economy,1,Bioeconomy; Biomass; Bioenergy; Circular Economy; Sustainability; Policy; Innovation; Transition; Forestry; Agro-industrial Complex
T10171,https://openalex.org/T10171,Biofuel production and bioconversion,Biomedical Engineering,Engineering,Physical Sciences,0,circular_economy,1,Pretreatment; Enzymatic Hydrolysis; Lignocellulosic Biomass; Bioethanol Production; Cellulase Enzymes; Biorefinery Concept; Biomass Recalcitrance; Ethanol Fermentation; Ionic Liquid Pretreatment; Global Bioenergy Potential
T13180,https://openalex.org/T13180,Chemistry and Chemical Engineering,Environmental Chemistry,Environmental Science,Physical Sciences,0,circular_economy,1,Sustainable Chemistry; Solvent Selection; Green Engineering; Metrics; Catalysis; Life Cycle Assessment; Circular Economy; Process Mass Intensity; Medicinal Chemistry; Environmental Impact
T11275,https://openalex.org/T11275,Composting and Vermicomposting Techniques,Soil Science,Agricultural and Biological Sciences,Life Sciences,0,circular_economy,1,Composting; Maturity Assessment; Organic Waste; Microbial Activity; Biochar; Vermicomposting; Aerobic Composting; Humic Acids; Greenhouse Gases Emissions; Sustainability
T10435,https://openalex.org/T10435,Environmental Impact and Sustainability,Environmental Engineering,Environmental Science,Physical Sciences,0,circular_economy,1,Life Cycle Assessment; Environmental Impact; Carbon Footprint; Water Footprint; Embodied Energy; Input-Output Analysis; Decomposition Analysis; Sustainability Assessment; Global Trade; Greenhouse Gas Emissions
T11091,https://openalex.org/T11091,Extraction and Separation Processes,Mechanical Engineering,Engineering,Physical Sciences,0,circular_economy,1,Battery Recycling; Lithium-ion Batteries; Rare Earth Elements; Metal Recovery; Sustainable Technology; Environmental Impact; Hydrometallurgical Processes; Circular Economy; Resource Depletion; Global Supply
T12118,https://openalex.org/T12118,Forest Biomass Utilization and Management,Mechanics of Materials,Engineering,Physical Sciences,0,circular_economy,1,Biomass; Supply Chain; Logistics; Bioenergy; Optimization; Sustainability; Life Cycle Assessment; Uncertainty; Multiobjective; GIS
T12920,https://openalex.org/T12920,Healthcare and Environmental Waste Management,"Public Health, Environmental and Occupational Health",Medicine,Health Sciences,0,circular_economy,1,COVID-19; medical waste; solid waste management; hospital waste; waste disposal; pandemic; healthcare waste; waste generation; disinfection technology; hazardous waste
T13045,https://openalex.org/T13045,Industrial Engineering and Technologies,Mechanical Engineering,Engineering,Physical Sciences,0,circular_economy,1,Digital Economy; Sustainable Development; Energy Efficiency; Carbon Sequestration; Hydrogen Initiatives; Lithium-Ion Batteries; Renewable Energy; Resource Efficiency; Circular Economy; Technological Innovation
T14138,https://openalex.org/T14138,Life Cycle Costing Analysis,Accounting,"Business, Management and Accounting",Social Sciences,0,circular_economy,1,Life Cycle Costing; Total Cost of Ownership; Building Industry; Infrastructure Design; Sustainable Development; Asset Management; Whole Life Cost; Cost Analysis; Energy Efficiency; Construction Industry
T14164,https://openalex.org/T14164,Marine and Offshore Engineering Studies,Ocean Engineering,Engineering,Physical Sciences,0,circular_economy,1,Ship Recycling; Offshore Decommissioning; Environmental Impact; Marine Pollution; Regulations; Bangladesh; India; Oil and Gas Industry; Sustainability; Economic Analysis
T13140,https://openalex.org/T13140,Materials Engineering and Processing,Mechanical Engineering,Engineering,Physical Sciences,0,circular_economy,1,Foundry Waste; Recycling; Concrete Properties; Waste Utilization; Mechanical Characteristics; Environmental Assessment; Controlled Low-Strength Material; Aggregate Substitution; Industrial By-Products; Sustainable Construction
T10753,https://openalex.org/T10753,Microplastics and Plastic Pollution,Pollution,Environmental Science,Physical Sciences,0,circular_economy,1,Microplastics; Marine Environment; Terrestrial Ecosystems; Pollution; Plastic Debris; Environmental Impact; Waste Management; Human Health; Freshwater Systems; Recycling
T11108,https://openalex.org/T11108,Municipal Solid Waste Management,Waste Management and Disposal,Environmental Science,Physical Sciences,0,circular_economy,1,Municipal Solid Waste; Waste Management; Developing Countries; Recycling; Landfill; Life Cycle Assessment; Renewable Energy; Waste-to-Energy; Environmental Impact; Sustainability
T12186,https://openalex.org/T12186,Phosphorus and nutrient management,Waste Management and Disposal,Environmental Science,Physical Sciences,0,circular_economy,1,Phosphorus; Recovery; Wastewater; Fertilizer; Struvite; Adsorption; Nutrient; Global Food Security; Biochar; Sustainability
T12838,https://openalex.org/T12838,Photovoltaic Systems and Sustainability,Environmental Engineering,Environmental Science,Physical Sciences,0,circular_economy,1,Solar Energy; Life Cycle Assessment; Photovoltaic Systems; Land Use; Recycling; Agrivoltaic Systems; Energy Payback Time; Greenhouse Gas Emissions; End-of-Life Management; Renewable Energy
T11847,https://openalex.org/T11847,Recycled Aggregate Concrete Performance,Building and Construction,Engineering,Physical Sciences,0,circular_economy,1,Recycled Aggregate; Concrete Properties; Construction Waste Management; Durability Performance; Mechanical Behavior; Sustainability in Construction; Environmental Impact Assessment; Waste Reduction; Microstructural Analysis; High Performance Concrete
T12017,https://openalex.org/T12017,Recycling and Waste Management Techniques,Waste Management and Disposal,Environmental Science,Physical Sciences,0,circular_economy,1,E-Waste; Recycling; Environmental Impacts; Metal Recovery; Waste Management; Hazardous Substances; Electronic Equipment; Health Consequences; Legislation; Global Production
T11672,https://openalex.org/T11672,Recycling and utilization of industrial and municipal waste in materials production,Building and Construction,Engineering,Physical Sciences,0,circular_economy,1,Waste Materials; Utilization; Brick Production; Ceramic Materials; Incineration Residues; Sewage Sludge Ash; Glass-ceramics; Recycling; Leaching Behavior; Circular Economy
T13477,https://openalex.org/T13477,Sustainable Design and Development,Building and Construction,Engineering,Physical Sciences,0,circular_economy,1,Sustainable Design; Urban Development; Circular Economy; Environmental Management; Resource Recovery; Green Urbanism; Climate Change; Product Development; Biomimicry; Social Innovation
T12746,https://openalex.org/T12746,Sustainable Industrial Ecology,Industrial and Manufacturing Engineering,Engineering,Physical Sciences,0,circular_economy,1,Industrial Symbiosis; Eco-Industrial Parks; Circular Economy; Industrial Ecology; Sustainability; Network Analysis; Waste Management; Urban Industrial Symbiosis; Environmental Assessment; Regional Development
T10539,https://openalex.org/T10539,Sustainable Supply Chain Management,Strategy and Management,"Business, Management and Accounting",Social Sciences,0,circular_economy,1,Circular Economy; Sustainable Supply Chain Management; Green Practices; Supply Chain Network Design; Remanufacturing; Business Model Innovation; Environmental Management; Resource Efficiency; Product Design; Triple Bottom Line
T13790,https://openalex.org/T13790,Waste Management and Environmental Impact,Mechanical Engineering,Engineering,Physical Sciences,0,circular_economy,1,Coal Waste; Energy Production; Environmental Impact; Utilization Technologies; Fly Ash; Reclamation; Sustainable Development; Waste Management; Combustion Process; Environmental Protection
T14179,https://openalex.org/T14179,Waste Management and Recycling,Waste Management and Disposal,Environmental Science,Physical Sciences,0,circular_economy,1,Waste Management; Community Participation; Plastic Waste; Environmental Impact; Recycling; Household Waste; Social Empowerment; Sustainable Development; Local Wisdom; Composting
T11781,https://openalex.org/T11781,Wastewater Treatment and Reuse,Waste Management and Disposal,Environmental Science,Physical Sciences,0,circular_economy,1,Wastewater Reuse; Water Scarcity; Sustainability Assessment; Decentralized Treatment; Resource Recovery; Life Cycle Assessment; Urban Water Management; Soil and Plant Quality; Public Perception; Health and Environmental Implications
T11774,https://openalex.org/T11774,Adsorption and Cooling Systems,Mechanical Engineering,Engineering,Physical Sciences,0,climate_energy,0,Thermochemical Heat Storage; Adsorption Refrigeration; Desiccant Cooling; Solar Energy Storage; Heat and Mass Transfer; Solid Sorption Systems; Membrane-based Enthalpy Exchanger; Seasonal Heat Storage; Liquid Desiccant Dehumidification; Energy Recovery Technologies
T11524,https://openalex.org/T11524,Advanced Aircraft Design and Technologies,Global and Planetary Change,Environmental Science,Physical Sciences,0,climate_energy,0,Aviation; Climate Change; Alternative Fuels; Emissions; Aircraft Design; Renewable Jet Fuel; Contrails; Hydrogen Technology; Electric Propulsion; Air Quality
T10663,https://openalex.org/T10663,Advanced Battery Technologies Research,Automotive Engineering,Engineering,Physical Sciences,0,climate_energy,0,Lithium-ion Batteries; Battery Management Systems; Thermal Runaway; State of Charge Estimation; Aging Mechanisms; Electric Vehicles; Safety Concerns; Cycle Life Modeling; Thermal Management; Prognostics
T10117,https://openalex.org/T10117,Advanced Combustion Engine Technologies,Fluid Flow and Transfer Processes,Chemical Engineering,Physical Sciences,0,climate_energy,0,Combustion; Chemical Kinetics; Soot Formation; Internal Combustion Engines; Fuel Chemistry; Oxidation Mechanism; Laminar Flame Speeds; Hydrocarbon Fuels; Emissions; Biofuels
T10175,https://openalex.org/T10175,Advanced DC-DC Converters,Electrical and Electronic Engineering,Engineering,Physical Sciences,0,climate_energy,0,Power Electronics; DC-DC Converters; High-Frequency Power Conversion; Renewable Energy Integration; Solid-State Transformers; Electric Vehicle Charging; Isolated Bidirectional Converters; Switched-Capacitor Circuits; Voltage Boosting Techniques; Digital Control
T13889,https://openalex.org/T13889,Advanced Materials and Semiconductor Technologies,Materials Chemistry,Materials Science,Physical Sciences,0,climate_energy,0,Thin-Film Deposition; Nanomaterials Synthesis; Polymer Coatings; Thermal Conductivity; Semiconductor Devices; Nanocomposite Coatings; Renewable Energy Sources; Electric Drive Systems; Sensing Properties; Information Technology
T10078,https://openalex.org/T10078,Advanced Photocatalysis Techniques,"Renewable Energy, Sustainability and the Environment",Energy,Physical Sciences,0,climate_energy,0,Photocatalyst; Semiconductor; Visible Light; Water Splitting; Graphene; Hydrogen Production; Nanomaterials; Plasmonic; CO2 Reduction; Solar Energy
T13856,https://openalex.org/T13856,Advanced Power Generation Technologies,Electrical and Electronic Engineering,Engineering,Physical Sciences,0,climate_energy,0,Thermal Conductivity; Steam Generation; Hydrogen-Oxygen Generators; Nuclear Power Plants; Energy Efficiency; Climate Change; Electric Power Industry; Gas Turbines; Renewable Energy; Combustion Technology
T12719,https://openalex.org/T12719,Aerospace Engineering and Energy Systems,Aerospace Engineering,Engineering,Physical Sciences,0,climate_energy,0,Airborne Wind Energy; High Altitude Wind Power; Tethered Kites; Stratospheric Airships; Parafoil Systems; Renewable Energy Generation; Control Systems; Trajectory Tracking; Solar Power Generation; Aerostats
T10476,https://openalex.org/T10476,Algal biology and biofuel production,"Renewable Energy, Sustainability and the Environment",Energy,Physical Sciences,0,climate_energy,0,Biodiesel; Microalgae; Biofuels; Production; Harvesting; Genome Analysis; Nutrient Removal; Lipid Accumulation; Photobioreactors; Sustainable Industry
T12112,https://openalex.org/T12112,Ammonia Synthesis and Nitrogen Reduction,Catalysis,Chemical Engineering,Physical Sciences,0,climate_energy,0,Ammonia Synthesis; Electrocatalysts; Nitrogen Reduction; Ambient Conditions; Catalysis; Renewable Energy; Artificial Nitrogen Fixation; Electrochemical Synthesis; Hydrogen Storage; Nanocatalysts
T11588,https://openalex.org/T11588,Atmospheric and Environmental Gas Dynamics,Global and Planetary Change,Environmental Science,Physical Sciences,0,climate_energy,0,Methane; Emissions; Shale Gas; Atmospheric; Carbon Dioxide; Hydraulic Fracturing; Global Budget; Natural Gas; Water Quality; Satellite Observations
T10507,https://openalex.org/T10507,Biodiesel Production and Applications,Biomedical Engineering,Engineering,Physical Sciences,0,climate_energy,0,Biodiesel; Transesterification; Catalyst; Feedstock; Engine Performance; Emissions; Vegetable Oils; Fatty Acid Methyl Esters; Waste Cooking Oil; Renewable Energy
T10121,https://openalex.org/T10121,Building Energy and Comfort Optimization,Building and Construction,Engineering,Physical Sciences,1,climate_energy,0,Building Energy Consumption; Thermal Comfort; Energy Simulation; Model Predictive Control; Sustainable Buildings; Occupant Behavior; Climate Change Impact; Artificial Neural Networks; Energy Efficiency; Building Performance
T13263,https://openalex.org/T13263,Building energy efficiency and sustainability,Building and Construction,Engineering,Physical Sciences,0,climate_energy,0,Energy Efficiency; Building Construction; Sustainable Architecture; Fire Resistance; Thermal Insulation; Renovation Management; Environmental Engineering; Precast Residential Buildings; Ventilation Systems; Urban Renewal
T11302,https://openalex.org/T11302,CO2 Sequestration and Geologic Interactions,Environmental Engineering,Environmental Science,Physical Sciences,0,climate_energy,0,CO2 Sequestration; Geological Storage; Carbon Capture; Mineral Carbonation; Geochemical Modeling; Saline Aquifers; Reactive Transport; Caprock Integrity; Deep Sedimentary Formations; Weathering Rates
T12916,https://openalex.org/T12916,COVID-19 impact on air quality,Global and Planetary Change,Environmental Science,Physical Sciences,0,climate_energy,0,COVID-19; pandemic; air quality; lockdown; environmental impact; sustainability; renewable energy; carbon emissions; climate change; global response
T10590,https://openalex.org/T10590,Chalcogenide Semiconductor Thin Films,Electrical and Electronic Engineering,Engineering,Physical Sciences,0,climate_energy,0,Thin-Film Solar Cells; Efficiency; CZTS; Kesterite; Photovoltaics; Semiconductor; Device Characteristics; Materials Modelling; Nanocrystals; Solar Cell Efficiency
T11802,https://openalex.org/T11802,Chemical Looping and Thermochemical Processes,Biomedical Engineering,Engineering,Physical Sciences,0,climate_energy,0,Chemical-Looping Combustion; Solar Thermochemical Production; CO2 Capture; Oxygen Carriers; Hydrogen Production; Thermochemical Cycles; High-Temperature Solar Chemistry; Sorption-Enhanced Reforming; Solid Fuels; Redox Reactions
T11488,https://openalex.org/T11488,Climate Change Communication and Perception,Sociology and Political Science,Social Sciences,Social Sciences,0,climate_energy,0,Climate Change; Public Perception; Science Communication; Risk Perception; Media Coverage; Policy Preferences; Global Warming; Psychological Responses; Cultural Cognition; Environmental Attitudes
T10471,https://openalex.org/T10471,Climate Change Policy and Economics,Economics and Econometrics,"Economics, Econometrics and Finance",Social Sciences,0,climate_energy,0,Climate Change; Economic Impacts; Greenhouse Gas Emissions; Policy Instruments; Carbon Pricing; Socioeconomic Pathways; Energy Transition; Global Warming; Mitigation Strategies; Environmental Policy
T13530,https://openalex.org/T13530,Climate Change and Environmental Impact,Global and Planetary Change,Environmental Science,Physical Sciences,0,climate_energy,0,Climate Change; Global Warming; Sustainability; Renewable Energy; Carbon Emissions; Adaptation Strategies; Biodiversity Conservation; Environmental Policy; Extreme Weather Events; Geo-Spatial Data
T12615,https://openalex.org/T12615,Climate Change and Geoengineering,Global and Planetary Change,Environmental Science,Physical Sciences,0,climate_energy,0,Geoengineering; Climate Change; Ethics; Solar Radiation Management; Stratospheric Aerosols; Global Governance; Climate Justice; Public Perception; Environmental Ethics; Policy Dilemma
T11244,https://openalex.org/T11244,Climate Change and Health Impacts,"Health, Toxicology and Mutagenesis",Environmental Science,Physical Sciences,0,climate_energy,0,Climate Change; Human Health; Mortality; Heat Waves; Public Health; Temperature; Epidemiological Evidence; Global Warming; Infectious Diseases; Vulnerability
T14296,https://openalex.org/T14296,Climate Change and Sustainable Development,Global and Planetary Change,Environmental Science,Physical Sciences,0,climate_energy,0,Climate Change; Sustainable Development; Energy Policy; Environmental Policy; Water Resources; Carbon Footprint; Urban Planning; Renewable Energy; Flood Risk; Emissions Trading
T12656,https://openalex.org/T12656,"Climate Change, Adaptation, Migration",Sociology and Political Science,Social Sciences,Social Sciences,0,climate_energy,0,Climate Change; Migration; Environmental Refugees; Adaptation; Sea-Level Rise; Natural Disasters; Rural-Urban Migration; Resettlement; Vulnerability; Small Island Developing States
T11333,https://openalex.org/T11333,Climate change and permafrost,Atmospheric Science,Earth and Planetary Sciences,Physical Sciences,0,climate_energy,0,Permafrost; Arctic; Climate Change; Carbon Feedback; Thawing; Methane Emissions; Tundra; Vegetation Change; Hydrology; Ecosystem Response
T10029,https://openalex.org/T10029,Climate variability and models,Global and Planetary Change,Environmental Science,Physical Sciences,0,climate_energy,0,Climate Change; Global Warming; Extreme Events; Climate Modeling; Precipitation Extremes; Ocean Circulation; ENSO Variability; Arctic Amplification; Hydrological Cycle; Greenhouse Gas Emissions
T13584,https://openalex.org/T13584,Coal Combustion and Slurry Processing,Mechanical Engineering,Engineering,Physical Sciences,0,climate_energy,0,Coal Water Slurry; Rheology; Combustion; Stability; Surfactants; Environmental Impact; Petrochemicals; Microwave Irradiation; Waste Utilization; Energy Efficiency
T10644,https://openalex.org/T10644,Cryospheric studies and observations,Atmospheric Science,Earth and Planetary Sciences,Physical Sciences,0,climate_energy,0,Glacier; Climate Change; Water Availability; Ice Sheet; Sea Level Rise; Himalayas; Antarctica; Snow Cover; Hydrology; Remote Sensing
T13811,https://openalex.org/T13811,Earth Systems and Cosmic Evolution,Atmospheric Science,Earth and Planetary Sciences,Physical Sciences,0,climate_energy,0,Gaia Hypothesis; Earth Systems Science; Complex Adaptive Systems; Environmental Regulation; Planetary Self-Regulation; Daisyworld; Microbial Ecology; Global Warming; Biosphere; Climate Change
T14341,https://openalex.org/T14341,"Education, Technology, and Ethics","Management, Monitoring, Policy and Law",Environmental Science,Physical Sciences,0,climate_energy,0,Scientific Integrity; Environmental Engineering; Poverty Reduction; Renewable Energy; Sustainability; Social Justice; Climate Change; Nanotechnology; Global Health Policy; Education Equity
T10278,https://openalex.org/T10278,Electric Motor Design and Analysis,Electrical and Electronic Engineering,Engineering,Physical Sciences,0,climate_energy,0,Electric Motor Drives; Permanent Magnet Machines; Thermal Analysis; Switched Reluctance Motors; Torque Ripple Reduction; High-Speed Applications; Hybrid Electric Vehicles; Magnetic Gearing; Cogging Torque Reduction; Motor Design Optimization
T10424,https://openalex.org/T10424,Electric Power System Optimization,Electrical and Electronic Engineering,Engineering,Physical Sciences,0,climate_energy,0,Unit Commitment; Economic Dispatch; Renewable Energy Integration; Market Power; Transmission Expansion Planning; Stochastic Optimization; Wind Power Forecasting; Ancillary Services; Electricity Market Reform; Price Volatility
T13093,https://openalex.org/T13093,Electric Power Systems and Control,Electrical and Electronic Engineering,Engineering,Physical Sciences,0,climate_energy,0,Electric Drives; Energy Efficiency; Control Systems; Reliability; Power Supply; Semiconductor Converters; Nanotechnology; Optimization; Traction Drive; Mathematical Modeling
T10768,https://openalex.org/T10768,Electric Vehicles and Infrastructure,Electrical and Electronic Engineering,Engineering,Physical Sciences,1,climate_energy,0,Electric Vehicles; Vehicle-to-Grid; Charging Infrastructure; Renewable Energy Integration; Grid Impact; Battery Technology; Consumer Adoption; Smart Grid; Life Cycle Assessment; Sustainability
T10808,https://openalex.org/T10808,Electric and Hybrid Vehicle Technologies,Automotive Engineering,Engineering,Physical Sciences,0,climate_energy,0,Electric Vehicles; Hybrid Vehicles; Energy Storage Systems; Power Management Strategy; Control Strategies; Model Predictive Control; Supercapacitors; Battery Life Optimization; Fuel Cell Vehicles; Vehicle Propulsion Systems
T10212,https://openalex.org/T10212,Electrochemical sensors and biosensors,Electrical and Electronic Engineering,Engineering,Physical Sciences,0,climate_energy,0,Electrochemical Biosensors; Graphene; Glucose Sensors; Carbon Nanotubes; Enzymatic Biofuel Cells; Nanomaterials; Non-enzymatic Sensors; Electrochemistry; Biosensor Applications; Nanostructured Materials
T11954,https://openalex.org/T11954,Energy Efficiency and Management,"Renewable Energy, Sustainability and the Environment",Energy,Physical Sciences,0,climate_energy,0,Energy Efficiency; Manufacturing; Industrial Sector; Energy Consumption; Resource Efficient; Policy; Barriers; Machine Tools; Sustainability; Renewable Energy
T14098,https://openalex.org/T14098,Energy Efficiency in Computing,Hardware and Architecture,Computer Science,Physical Sciences,1,climate_energy,0,Power Consumption; Server Selection Algorithms; Fog Computing; Energy-Efficient Models; Peer-to-Peer Systems; Wireless Sensor Networks; Computation Models; Virtual Machines; Cluster of Servers; IoT
T11392,https://openalex.org/T11392,Energy Harvesting in Wireless Networks,Electrical and Electronic Engineering,Engineering,Physical Sciences,1,climate_energy,0,Wireless Energy Harvesting; Information Transfer; RF Energy Harvesting; Wireless Power Transfer; Energy Management; Sensor Networks; MIMO Broadcasting; RFID Technology; Ambient Backscatter; Energy Efficiency
T11052,https://openalex.org/T11052,Energy Load and Power Forecasting,Electrical and Electronic Engineering,Engineering,Physical Sciences,1,climate_energy,0,Electricity Price Forecasting; Load Forecasting; Short-Term Forecasting; Neural Networks; Wind Power Generation; ARIMA Models; Probabilistic Forecasting; Deep Learning; Renewable Energy; Time Series Analysis
T11336,https://openalex.org/T11336,Energy and Environment Impacts,Pollution,Environmental Science,Physical Sciences,0,climate_energy,0,Indoor Air Pollution; Household Fuel Use; Energy Poverty; Respiratory Infections; Solid Fuel; Renewable Energy; Cookstoves; Health Impacts; Rural Electrification; Biomass Combustion
T13975,https://openalex.org/T13975,"Energy, Economy, and Technology Trends","Renewable Energy, Sustainability and the Environment",Energy,Physical Sciences,1,climate_energy,0,Energy Internet; Smart Products; Industrial Revolution; Sustainability; Digital Transformation; Globalization; Renewable Energy; Internet of Things; Economic Impact; Technological Innovation
T10438,https://openalex.org/T10438,"Energy, Environment, Economic Growth",Economics and Econometrics,"Economics, Econometrics and Finance",Social Sciences,0,climate_energy,0,CO2 Emissions; Energy Consumption; Economic Growth; Renewable Energy; Environmental Regulation; Panel Data Analysis; Kuznets Curve; Trade Openness; Financial Development; Urbanization
T12617,https://openalex.org/T12617,"Energy, Environment, and Transportation Policies","Renewable Energy, Sustainability and the Environment",Energy,Physical Sciences,0,climate_energy,0,Rebound Effect; Energy Efficiency; Consumption; Fuel Taxes; Elasticity of Demand; Fossil Fuel Subsidies; Transportation Sector; Household Behavior; Environmental Impact; Global Energy Demand
T13990,https://openalex.org/T13990,Engine and Fuel Emissions,Automotive Engineering,Engineering,Physical Sciences,0,climate_energy,0,Common Rail Injectors; Fuel Emissions; Diesel Engine; Vehicle Diagnostics; Energy Efficiency; Environmental Impact; Automotive Technology; Sustainable Agriculture; Control Systems; Renewable Energy
T12899,https://openalex.org/T12899,Engineering and Technology Innovations,Electrical and Electronic Engineering,Engineering,Physical Sciences,1,climate_energy,0,Electric Circuits; Equivalent Circuit Concept; Electronics; Wireless Communication; Renewable Energy; Robotics; Smart Systems; Digital Ordering System; Power Systems; IoT Technology
T13711,https://openalex.org/T13711,Environmental Science and Technology,Biochemistry,"Biochemistry, Genetics and Molecular Biology",Life Sciences,0,climate_energy,0,Microbial Metabolites; Human Microbiome; Sepsis; Aromatic Compounds; Renewable Resources; Biomass Combustion; Sustainable Development; Gas Chromatography-Mass Spectrometry; Mitochondrial Function; Cell Biology
T13870,https://openalex.org/T13870,Environmental and Ecological Studies,"Renewable Energy, Sustainability and the Environment",Energy,Physical Sciences,0,climate_energy,0,Renewable Energy; Climate Change; Environmental Impact Assessment; Sustainable Development; Ecosystem Approach; Energy Policy Analysis; Geographic Information Systems; Urban Planning; Biomass Energy; SMEs in Developing Economies
T13517,https://openalex.org/T13517,Environmental and Industrial Safety,Environmental Engineering,Environmental Science,Physical Sciences,1,climate_energy,0,Environmental Risk Analysis; Air Pollution; Energy Costs; Renewable Energy; Fire Detection; Structural Models; Nuclear Power Plants; Water Quality Monitoring; Smart Grid Technology; Composite Materials
T12277,https://openalex.org/T12277,Frequency Control in Power Systems,Electrical and Electronic Engineering,Engineering,Physical Sciences,0,climate_energy,0,Load Frequency Control; Automatic Generation Control; Renewable Energy; Power System; Frequency Regulation; Intelligent Control; Decentralized Control; Optimization; Deregulated Environment; Energy Storage
T13040,https://openalex.org/T13040,"Gender, Education, and Development Issues",Education,Social Sciences,Social Sciences,0,climate_energy,0,Human Development Report; Global Gender Gap; Climate Change; Education; Poverty Reduction; Sustainable Development; Agriculture Economics; Gender Policy; Renewable Energy; Social Justice
T10017,https://openalex.org/T10017,Geology and Paleoclimatology Research,Atmospheric Science,Earth and Planetary Sciences,Physical Sciences,0,climate_energy,0,Climate Change; Paleoclimatology; Glacial Cycles; Holocene; Sea Level; Monsoon Dynamics; Greenhouse Warming; Ice Core Records; Solar Influence; Atmospheric CO2
T11225,https://openalex.org/T11225,Geothermal Energy Systems and Applications,"Renewable Energy, Sustainability and the Environment",Energy,Physical Sciences,0,climate_energy,0,Geothermal Energy; Ground Source Heat Pump; Renewable Energy; Thermal Conductivity; Enhanced Geothermal Systems; Heat Transfer; Energy Piles; Thermal Response Test; Seasonal Thermal Energy Storage; Sustainability
T12129,https://openalex.org/T12129,Global Energy Security and Policy,General Energy,Energy,Physical Sciences,0,climate_energy,0,Energy Security; Renewable Energy; Geopolitics; Sustainability; Natural Gas; Global Governance; Climate Change; Supply Diversity; Policy Evaluation; Energy Resilience
T12639,https://openalex.org/T12639,Global Energy and Sustainability Research,"Renewable Energy, Sustainability and the Environment",Energy,Physical Sciences,0,climate_energy,0,EROI; Fossil Fuels; Renewable Energy; Peak Oil; Sustainability; Energy Return on Investment; Global Energy; Oil Production; Climate Change; Energy Transition
T12093,https://openalex.org/T12093,Greenhouse Technology and Climate Control,Plant Science,Agricultural and Biological Sciences,Life Sciences,0,climate_energy,0,Plant Architecture; Functional–Structural Plant Modelling; Greenhouse Climate Control; Computational Fluid Dynamics (CFD); Virtual Plants; Solar Energy in Greenhouses; Crop Photosynthesis; L-systems Modeling; Microclimate Simulation; Renewable Energy in Agriculture
T12368,https://openalex.org/T12368,Grey System Theory Applications,Management Science and Operations Research,Decision Sciences,Social Sciences,0,climate_energy,0,Grey System Theory; Time Series Prediction; Energy Consumption Forecasting; CO2 Emissions; Renewable Energy Consumption; Electricity Demand Forecasting; Nonlinear Grey Models; Forecasting Model Optimization; Multivariable Grey Model; Fractional Grey Model
T11007,https://openalex.org/T11007,Hybrid Renewable Energy Systems,Energy Engineering and Power Technology,Energy,Physical Sciences,0,climate_energy,0,Hydrogen; Renewable Energy; Electrolysis; Power-to-Gas; Sustainability; Energy Storage; Techno-Economic Analysis; Renewable Resources; Fuel Cell; Environmental Impact
T11186,https://openalex.org/T11186,Hydrology and Drought Analysis,Global and Planetary Change,Environmental Science,Physical Sciences,0,climate_energy,0,Drought; Monitoring; Global Warming; Hydrological; Indices; Remote Sensing; Climate Change; Evapotranspiration; Severity; Frequency
T11185,https://openalex.org/T11185,Integrated Energy Systems Optimization,Electrical and Electronic Engineering,Engineering,Physical Sciences,0,climate_energy,0,Renewable Energy; Energy Systems; District Heating; Electricity Storage; Energy Modeling; Wind Power Integration; Smart Energy Systems; Power Grid Flexibility; Energy Transition; Decarbonization
T11837,https://openalex.org/T11837,Iron and Steelmaking Processes,Mechanical Engineering,Engineering,Physical Sciences,0,climate_energy,0,Reduction Kinetics; Iron Oxides; Hydrogen; Carbon Monoxide; Steel Industry; Blast Furnace; Sustainability; Biomass Applications; Energy Efficiency; Metallurgical Processes
T10787,https://openalex.org/T10787,Lightning and Electromagnetic Phenomena,Astronomy and Astrophysics,Physics and Astronomy,Physical Sciences,0,climate_energy,0,Lightning; Distribution; Physics; Terrestrial Gamma-Ray Flashes; Atmospheric Electric Circuit; Climate Change; Thunderstorms; Detection Systems; Electromagnetic Fields; Simulation
T13507,https://openalex.org/T13507,"Literature, Politics, and Exile Studies",Global and Planetary Change,Environmental Science,Physical Sciences,0,climate_energy,0,Climate Change; Global Warming; Public Intellectuals; Environmental Justice; Nanotechnology; Cultural Politics; Coastal Cities; Ethical Dimensions; Exile; Molecular Biology
T12126,https://openalex.org/T12126,Maritime Transport Emissions and Efficiency,Environmental Engineering,Environmental Science,Physical Sciences,0,climate_energy,0,Emissions; Maritime Transportation; Environmental Impact; Shipping; Fuel Consumption; Air Quality; Climate Change; Ship Propulsion; Emission Control Areas; Alternative Fuels
T10223,https://openalex.org/T10223,Microgrid Control and Optimization,Control and Systems Engineering,Engineering,Physical Sciences,1,climate_energy,0,Microgrid Control; Distributed Power Generation; Energy Storage Systems; Grid Synchronization; Renewable Energy Integration; Power Electronics; Voltage and Frequency Control; Decentralized Control; Virtual Synchronous Generators; Smart Grid Applications
T13094,https://openalex.org/T13094,Mining and Gasification Technologies,Mechanical Engineering,Engineering,Physical Sciences,0,climate_energy,0,Gasification; Coal; Underground; UCG; Carbon Capture and Storage; Hydrogen Production; Environmental Impact; Geomechanical Analysis; Syngas Composition; Economic Assessment
T11947,https://openalex.org/T11947,Molten salt chemistry and electrochemical processes,Fluid Flow and Transfer Processes,Chemical Engineering,Physical Sciences,0,climate_energy,0,Molten Salt Electrolysis; Electrochemical Reduction; Metal Production; Energy Storage; Carbon Capture; Liquid Metal Batteries; Pyroprocessing Technology; Rare Earth Extraction; Thermal Battery Technology; Solid Oxide Membrane Process
T10228,https://openalex.org/T10228,Multilevel Inverters and Converters,Electrical and Electronic Engineering,Engineering,Physical Sciences,0,climate_energy,0,Multilevel Converters; Power Electronics; Model Predictive Control; Renewable Energy Integration; Voltage Source Inverters; Medium Voltage Drives; PWM Strategies; Fault Tolerance; Photovoltaic Systems; Electric Aircraft
T11272,https://openalex.org/T11272,Nanowire Synthesis and Applications,Biomedical Engineering,Engineering,Physical Sciences,0,climate_energy,0,Nanowire; Nanosensors; Semiconductor; Electronics; Photovoltaic; Biosensors; Solar Cells; Optoelectronic Devices; Biomedical Detection; Energy Conversion
T14224,https://openalex.org/T14224,"Oil, Gas, and Environmental Issues","Renewable Energy, Sustainability and the Environment",Energy,Physical Sciences,0,climate_energy,0,Gas Flaring; Black Carbon Emissions; Flare Gas Recovery; Environmental Impact; Greenhouse Gas Emissions; Air Pollution; Nigeria; Economic Evaluation; Health Effects; Sustainability
T10454,https://openalex.org/T10454,Optimal Power Flow Distribution,Electrical and Electronic Engineering,Engineering,Physical Sciences,0,climate_energy,0,Distributed Generation; Optimal Power Flow; Distribution Systems; Renewable Energy; Voltage Control; Resilience; Optimization; Microgrids; Probabilistic Analysis; Network Reconfiguration
T10045,https://openalex.org/T10045,Organic Electronics and Photovoltaics,Electrical and Electronic Engineering,Engineering,Physical Sciences,0,climate_energy,0,Conjugated Polymers; Bulk Heterojunction; Efficiency Enhancement; Non-Fullerene Acceptors; Solution Processing; Polymer Blends; Charge Transport; Morphology Control; High-Efficiency Solar Cells; Field-Effect Transistors
T10247,https://openalex.org/T10247,Perovskite Materials and Applications,Electrical and Electronic Engineering,Engineering,Physical Sciences,0,climate_energy,0,Perovskite Solar Cells; Organometal Halide Perovskites; Photovoltaic Cells; Efficiency; Stability; Semiconductors; Light-Emitting Diodes; Crystal Growth; Charge Carrier Transport; Optoelectronic Materials
T10938,https://openalex.org/T10938,Phase Change Materials Research,Mechanical Engineering,Engineering,Physical Sciences,0,climate_energy,0,Thermal Energy Storage; Phase Change Materials; Heat Transfer; Building Applications; Latent Heat; High Temperature; Solar Energy; Thermal Conductivity Enhancement; Microencapsulated PCM; Energy Efficiency
T10468,https://openalex.org/T10468,Photovoltaic System Optimization Techniques,"Renewable Energy, Sustainability and the Environment",Energy,Physical Sciences,0,climate_energy,0,Photovoltaic Arrays; Maximum Power Point Tracking; Solar Energy; MPPT Techniques; PV System; Renewable Energy; Grid-Connected Inverters; Modeling and Simulation; Partial Shading; Parameter Estimation
T12565,https://openalex.org/T12565,Physics and Engineering Research Articles,Computational Mechanics,Engineering,Physical Sciences,0,climate_energy,0,Fluid Dynamics; Renewable Energy; Engineering; Materials Science; Renewable Energy Integration; Vibration Analysis; Thermal Management; Sustainability; Turbine Technology; Mathematical Modeling
T11056,https://openalex.org/T11056,Physiological and biochemical adaptations,Ecology,Environmental Science,Physical Sciences,0,climate_energy,0,Metabolic Rate; Climate Change; Temperature; Physiological Adaptation; Thermal Tolerance; Ectotherms; Oxygen Limitation; Body Size; Diapause; Evolutionary Response
T11941,https://openalex.org/T11941,Power System Reliability and Maintenance,"Safety, Risk, Reliability and Quality",Engineering,Physical Sciences,0,climate_energy,0,Wind Power; Reliability Evaluation; Maintenance Scheduling; Power System; Probabilistic Assessment; Generation Adequacy; Security Assessment; Transmission Planning; Energy Storage; Composite Reliability
T14444,https://openalex.org/T14444,Power Systems and Renewable Energy,Energy Engineering and Power Technology,Energy,Physical Sciences,1,climate_energy,0,Energy Storage; Power Systems; Renewable Energy; Grid Integration; Photovoltaic Generation; Frequency Regulation; Wind Power; Smart Grid; Battery Technology; Environmental Impact
T10321,https://openalex.org/T10321,Quantum Dots Synthesis And Properties,Materials Chemistry,Materials Science,Physical Sciences,0,climate_energy,0,Quantum Dots; Nanocrystals; Bioimaging; Photovoltaics; Semiconductor Nanocrystals; Fluorescence Imaging; Colloidal Nanocrystals; Biological Detection; Solar Cells; Nanoparticle Synthesis
T11568,https://openalex.org/T11568,Railway Systems and Energy Efficiency,Industrial and Manufacturing Engineering,Engineering,Physical Sciences,0,climate_energy,0,Train Scheduling; Railway Timetabling; Energy Efficiency; Traffic Management; Rescheduling Algorithms; Urban Rail Systems; Regenerative Braking; Optimal Control; Passenger Demand; Sustainable Transportation
T13640,https://openalex.org/T13640,Ranque-Hilsch vortex tube,Mechanical Engineering,Engineering,Physical Sciences,0,climate_energy,0,Vortex Tube; Thermal Separation; CFD Analysis; Experimental Investigation; Energy Efficiency; Ranque-Hilsch Effect; Nozzle Design; Exergy Analysis; Counterflow Vortex Tube; Heat Transfer
T12810,https://openalex.org/T12810,Real-time simulation and control systems,Control and Systems Engineering,Engineering,Physical Sciences,1,climate_energy,0,Hardware-in-the-Loop; Real-Time Simulation; Power Electronics; FPGA-Based Emulation; Electrical Systems; Digital Simulator; Renewable Energy; Control Systems; Electric Drives; Smart Grid
T11529,https://openalex.org/T11529,Refrigeration and Air Conditioning Technologies,Mechanical Engineering,Engineering,Physical Sciences,0,climate_energy,0,Refrigerants; Ejectors; CO2 Heat Pumps; Vapor Compression Systems; Low-GWP Alternatives; Thermodynamic Analysis; Energy Efficiency; Environmental Impact; Heat Pump Technology; CFD Modeling
T14481,https://openalex.org/T14481,Renewable Energy and Sustainability,"Renewable Energy, Sustainability and the Environment",Energy,Physical Sciences,0,climate_energy,0,Renewable Energy; Energy Storage; European Union; Sustainability; Electricity Market; Climate Change Mitigation; Energy Efficiency; Power Generation; Grid Integration; Environmental Impact
T12271,https://openalex.org/T12271,Renewable energy and sustainable power systems,"Renewable Energy, Sustainability and the Environment",Energy,Physical Sciences,1,climate_energy,0,Renewable Energy Sources; Carbon Capture; Coal-fired Power Plants; Energy Efficiency; Biomass Utilization; Electricity Market Restructuring; Smart Grids; Climate Change Mitigation; Natural Gas Supply; Economic Analysis
T14329,https://openalex.org/T14329,Science and Climate Studies,Global and Planetary Change,Environmental Science,Physical Sciences,0,climate_energy,0,Climate Change; Environmental Science; GIS; Soil Moisture; Remote Sensing; Carbon Cycle; Biodiversity; Sustainability; Greenhouse Gas Emissions; Permafrost Degradation
T13126,https://openalex.org/T13126,Scientific Research and Discoveries,Statistical and Nonlinear Physics,Physics and Astronomy,Physical Sciences,1,climate_energy,0,Optics; Spectroscopy; Quantum Computing; Railway Power Systems; Geophysical Surveys; Climate Change; Solar Physics; Neutron Optics; Quantum Mechanics; Astrophysics
T13997,https://openalex.org/T13997,Scientific Research and Studies,Global and Planetary Change,Environmental Science,Physical Sciences,0,climate_energy,0,Climate Change; Adaptation; Sustainable Development; Global Warming; Land Use Planning; Greenhouse Gas Emissions; Remote Sensing; Geographic Information Systems (GIS); Ecological Consequences; Urban Adaptation
T10022,https://openalex.org/T10022,Semiconductor Quantum Structures and Devices,"Atomic and Molecular Physics, and Optics",Physics and Astronomy,Physical Sciences,0,climate_energy,0,Quantum Dots; Semiconductor; Single-Photon Source; Excitons; Microcavity; Band Parameters; Entangled Photons; Optical Emission; Nanowires; Photovoltaics
T10624,https://openalex.org/T10624,Silicon and Solar Cell Technologies,Electrical and Electronic Engineering,Engineering,Physical Sciences,0,climate_energy,0,Silicon; Solar Cells; Efficiency; Passivation; Heterojunction; Aluminum Oxide; Interdigitated Back Contacts; Photovoltaics; Surface Recombination; Crystalline
T10603,https://openalex.org/T10603,Smart Grid Energy Management,Electrical and Electronic Engineering,Engineering,Physical Sciences,1,climate_energy,0,Demand Response; Smart Grid; Energy Management; Electricity Markets; Renewable Energy; Real-Time Pricing; Home Energy; Smart Home; Game Theory; Load Control
T12451,https://openalex.org/T12451,Smart Grid and Power Systems,Electrical and Electronic Engineering,Engineering,Physical Sciences,1,climate_energy,0,Smart Grid; Cloud Computing; Big Data; Power System; Renewable Energy; Distribution Automation; Electric Power; Intelligent Control; Reliability Analysis; Energy Efficiency
T12503,https://openalex.org/T12503,Social Acceptance of Renewable Energy,Sociology and Political Science,Social Sciences,Social Sciences,0,climate_energy,0,Renewable Energy; Social Acceptance; Public Perception; Wind Power; Community Attitudes; Energy Technology; Place Attachment; NIMBYism; Public Opinion; Sustainable Energy
T13298,https://openalex.org/T13298,Solar Energy Systems and Technologies,Mechanical Engineering,Engineering,Physical Sciences,0,climate_energy,0,Solar Chimneys; Trombe Walls; Natural Ventilation; Thermal Analysis; Power Generation; Numerical Simulation; Experimental Investigation; Geometric Parameters; Energy Performance; Building Integration
T11276,https://openalex.org/T11276,Solar Radiation and Photovoltaics,Artificial Intelligence,Computer Science,Physical Sciences,1,climate_energy,0,Solar Radiation; Forecasting; Machine Learning; Artificial Neural Networks; Renewable Energy; Photovoltaic Power; Solar Energy; Grid Integration; Weather Forecasts; GIS-based Site Selection
T10905,https://openalex.org/T10905,Solar Thermal and Photovoltaic Systems,"Renewable Energy, Sustainability and the Environment",Energy,Physical Sciences,0,climate_energy,0,Solar Thermal Collectors; Photovoltaic/Thermal Hybrid Technology; Concentrated Solar Power Plants; Solar Energy Use in Industries; Photovoltaic Efficiency; Central Receiver Designs; Phase Change Materials; Nanofluid Cooling; Building Integrated Photovoltaics; Energy and Exergy Analysis
T12008,https://openalex.org/T12008,Solar-Powered Water Purification Methods,"Renewable Energy, Sustainability and the Environment",Energy,Physical Sciences,0,climate_energy,0,Solar Desalination; Water Scarcity; Photothermal Materials; Nanoparticles; Water Evaporation; Renewable Energy; Hydrogels; Plasmonic Absorbers; Atmospheric Water Harvesting; Clean Water Production
T12706,https://openalex.org/T12706,Subcritical and Supercritical Water Processes,Biomedical Engineering,Engineering,Physical Sciences,0,climate_energy,0,Supercritical Water; Gasification; Hydrogen Production; Biomass; Catalytic; High-Temperature Water; Renewable Energy; Reaction Kinetics; Waste Treatment; Chemical Processing
T12431,https://openalex.org/T12431,Sugarcane Cultivation and Processing,Plant Science,Agricultural and Biological Sciences,Life Sciences,0,climate_energy,0,Sugarcane; Genomics; Polyploid; Genetic Mapping; Water Stress; Sucrose Content; Bioenergy Production; Drought Tolerance; Biomass Accumulation; Climate Change Impact
T12442,https://openalex.org/T12442,Thermal Radiation and Cooling Technologies,Civil and Structural Engineering,Engineering,Physical Sciences,0,climate_energy,0,Radiative Cooling; Daytime Radiative Cooling; Near-Field Heat Transfer; Thermal Emission; Photonic Structures; Thermophotovoltaic; Nanoporous Materials; Metamaterials; Personal Thermal Management; Energy Conversion
T10568,https://openalex.org/T10568,Thermodynamic and Exergetic Analyses of Power and Cooling Systems,Mechanical Engineering,Engineering,Physical Sciences,0,climate_energy,0,Organic Rankine Cycle; Waste Heat Recovery; Thermodynamic Analysis; Working Fluids; Exergy Analysis; Low-Grade Heat; Supercritical CO2 Cycle; Energy Storage; Sustainable Development; Cogeneration
T10623,https://openalex.org/T10623,Thin-Film Transistor Technologies,Electrical and Electronic Engineering,Engineering,Physical Sciences,0,climate_energy,0,Plasmonics; Thin-Film Transistors; Amorphous Oxide Semiconductors; Solar Cells; Light Trapping; Transparent Electronics; High-Mobility Transistors; Solution-Processed Metal Oxides; Nanoparticle Enhanced Absorption; Flexible Electronics
T10024,https://openalex.org/T10024,TiO2 Photocatalysis and Solar Cells,"Renewable Energy, Sustainability and the Environment",Energy,Physical Sciences,0,climate_energy,0,Photocatalysis; Solar Cells; Titanium Dioxide; Nanomaterials; Visible Light; Dye-Sensitized; Water Splitting; Nanostructures; Efficiency; Semiconductor Nanocrystals
T11594,https://openalex.org/T11594,Tree-ring climate responses,Atmospheric Science,Earth and Planetary Sciences,Physical Sciences,0,climate_energy,0,Climate Change; Tree Rings; Temperature Variability; Dendrochronology; Global Warming; Historical Climate; Extreme Events; Paleoclimatology; Precipitation Variability; Tree Line Shifts
T11483,https://openalex.org/T11483,Tropical and Extratropical Cyclones Research,Atmospheric Science,Earth and Planetary Sciences,Physical Sciences,0,climate_energy,0,Tropical Cyclones; Climate Change; Hurricanes; Storm Surge; Global Warming; Intensity; Trends; Sea Level Rise; ENSO; Wind Shear
T10766,https://openalex.org/T10766,Urban Heat Island Mitigation,Environmental Engineering,Environmental Science,Physical Sciences,0,climate_energy,0,Urban Heat Island; Green Roofs; Land Surface Temperature; Remote Sensing; Urban Climate; Thermal Comfort; Energy Consumption; Vegetation; Cooling Strategies; Climate Change
T11250,https://openalex.org/T11250,Wave and Wind Energy Systems,Ocean Engineering,Engineering,Physical Sciences,0,climate_energy,0,Wave Energy; Renewable Energy; Power Take-Off; Offshore Wind; Hydrodynamic Modeling; Ocean Energy; Control Strategies; Wave Power; Floating Structures; Resource Assessment
T10680,https://openalex.org/T10680,Wind Energy Research and Development,Aerospace Engineering,Engineering,Physical Sciences,0,climate_energy,0,Wind Turbine Wakes; Renewable Energy; Weibull Distribution; Aerodynamics; Offshore Wind Farms; Tidal Energy; Blade Design; Wind Farm Optimization; CFD Simulation; Sustainability Indicators
T10740,https://openalex.org/T10740,Wind Turbine Control Systems,Electrical and Electronic Engineering,Engineering,Physical Sciences,0,climate_energy,0,Wind Power; Doubly Fed Induction Generator; Power Electronics; Grid Integration; Frequency Control; Variable Speed Turbines; Inertia Emulation; Maximum Power Tracking; Grid Code Requirements; Renewable Energy
T14509,https://openalex.org/T14509,demographic modeling and climate adaptation,Management Science and Operations Research,Decision Sciences,Social Sciences,0,climate_energy,0,Spatial Microsimulation; Small Area Estimation; Policy Analysis; Climate Change; Health Inequalities; Synthetic Data Generation; Geographical Impact; Dynamic Microsimulation; Social Policy Evaluation; Population Dynamics
T12309,https://openalex.org/T12309,solar cell performance optimization,Electrical and Electronic Engineering,Engineering,Physical Sciences,0,climate_energy,0,Multijunction Solar Cells; High Efficiency; Concentrator Photovoltaics; III-V Compound Semiconductors; Metamorphic Epitaxy; Photon Recycling; Spectral Beam Splitting; Electroluminescence Measurements; Radiation Resistance; Energy Conversion Efficiency
T10016,https://openalex.org/T10016,Adsorption and biosorption for pollutant removal,Water Science and Technology,Environmental Science,Physical Sciences,0,environment_biodiversity,0,Adsorption; Contaminant Removal; Wastewater Treatment; Surface Area; Pore Size Distribution; Biochar; Heavy Metals; Dye Removal; Nanomaterials; Biosorption
T13592,https://openalex.org/T13592,Advanced Scientific Techniques and Applications,"Management, Monitoring, Policy and Law",Environmental Science,Physical Sciences,0,environment_biodiversity,0,Environmental Monitoring; Nuclear Magnetic Resonance; Fiber-Optic Communication; Agricultural Industry; Water Quality; Remote Control; Hydrological Studies; Soil Hydrophysical Properties; Urban Planning; Renewable Energy
T10210,https://openalex.org/T10210,Advanced oxidation water treatment,Water Science and Technology,Environmental Science,Physical Sciences,0,environment_biodiversity,0,Advanced Oxidation Processes; Water Treatment; Oxidation Kinetics; Wastewater Decontamination; Peroxymonosulfate Activation; Fenton Reaction Chemistry; Electrochemical Technologies; Organic Contaminant Degradation; Sulfate Radical Generation; Heterogeneous Catalysis
T12383,https://openalex.org/T12383,Aeolian processes and effects,Earth-Surface Processes,Earth and Planetary Sciences,Physical Sciences,0,environment_biodiversity,0,Aeolian Processes; Wind Erosion; Sand Dunes; Dune Dynamics; Vegetation Cover; Climate Change; Sediment Transport; Desertification; Coastal Dunes; Dust Emission
T12630,https://openalex.org/T12630,African Botany and Ecology Studies,Forestry,Agricultural and Biological Sciences,Life Sciences,0,environment_biodiversity,0,Agroforestry; Tree Domestication; Indigenous Fruits; Nutritional Value; Sustainable Agriculture; Smallholder Farmers; Climate Resilience; Rural Livelihoods; Traditional Fermentation; Biodiversity Conservation
T12033,https://openalex.org/T12033,Agricultural Economics and Policy,General Agricultural and Biological Sciences,Agricultural and Biological Sciences,Life Sciences,0,environment_biodiversity,0,Common Agricultural Policy; multifunctionality; sustainability; agricultural subsidies; land values; environmental policy; farm succession; EU agriculture; policy reform; biodiversity
T13628,https://openalex.org/T13628,Agricultural Productivity and Crop Improvement,Agronomy and Crop Science,Agricultural and Biological Sciences,Life Sciences,0,environment_biodiversity,0,Forage Production; Climate Change; Crop Adaptation; Genetic Improvement; Drought Tolerance; Soil Fertility; Plant Breeding; Sustainable Agriculture; Genetic Resources; Agroecosystem
T13899,https://openalex.org/T13899,Agricultural Systems and Practices,"Ecology, Evolution, Behavior and Systematics",Agricultural and Biological Sciences,Life Sciences,0,environment_biodiversity,0,Rice-Fish Farming; Integrated Farming Systems; Sustainability; Ecosystem Services; Agricultural Heritage Systems; Biodiversity; Food Security; Vietnam; Mekong Delta; Aquaculture
T13054,https://openalex.org/T13054,Agricultural and Financial Auditing,General Agricultural and Biological Sciences,Agricultural and Biological Sciences,Life Sciences,0,environment_biodiversity,0,Agricultural Science; Digital Economy; Management Accounting; Ruminant Physiology; Environmental Impact; Science Education; Financial Reporting; Sustainable Development; Chronophysiology; Land Reclamation
T13668,https://openalex.org/T13668,Agricultural and Rural Development Research,Forestry,Agricultural and Biological Sciences,Life Sciences,0,environment_biodiversity,0,Rangelands; Livestock; Sustainability; Agriculture; Climate Change; Grazing; Vegetation; Economic Analysis; Migration; Cooperatives
T11805,https://openalex.org/T11805,Agricultural economics and policies,Safety Research,Social Sciences,Social Sciences,0,environment_biodiversity,0,Agricultural Economics; Rural Development; Sustainable Agriculture; Farm Management; European Agricultural Policy; Environmental Impact; Agribusiness; Rural Sociology; Food Logistics; Financial Structure
T13630,https://openalex.org/T13630,Agriculture Market Analysis Ukraine,General Agricultural and Biological Sciences,Agricultural and Biological Sciences,Life Sciences,0,environment_biodiversity,0,Agricultural Sector; Sustainable Development; Energy Independence; Rural Areas; Food Security; Bioenergy Production; Financial Support; Innovation; Agro-food Chains; Environmental Benefits
T11259,https://openalex.org/T11259,Agriculture Sustainability and Environmental Impact,Ecology,Environmental Science,Physical Sciences,0,environment_biodiversity,0,Sustainable Diets; Environmental Impact; Food Systems; Climate Change; Livestock Production; Health Effects; Plant-Based Diets; Greenhouse Gas Emissions; Dietary Choices; Global Food System
T14018,https://openalex.org/T14018,Agriculture and Biological Studies,General Agricultural and Biological Sciences,Agricultural and Biological Sciences,Life Sciences,0,environment_biodiversity,0,Agriculture; Plant Genetics; Crop Productivity; Soil Fertility; Livestock Breeding; Food Security; Biotechnology; Sustainable Farming; Climate Change Adaptation; Agroecosystem Management
T13396,https://openalex.org/T13396,Agriculture and Rural Development Research,"Ecology, Evolution, Behavior and Systematics",Agricultural and Biological Sciences,Life Sciences,0,environment_biodiversity,0,Livestock Farming; Sustainability; Adaptation; Agricultural Development; Work Organization; Diversity; Multifunctionality; Agroecology; Smallholder Farmers; Climate Change
T14398,https://openalex.org/T14398,Agriculture and Social Issues,Plant Science,Agricultural and Biological Sciences,Life Sciences,0,environment_biodiversity,0,Plant Physiology; Environmental Sustainability; Climate Change; Nutrient Uptake; Agricultural Innovation; Urban Agriculture; Eco-friendly Practices; Biodiversity Conservation; Sustainable Development; Community Health
T11862,https://openalex.org/T11862,"Agriculture, Land Use, Rural Development",General Agricultural and Biological Sciences,Agricultural and Biological Sciences,Life Sciences,0,environment_biodiversity,0,Agroecology; Food Sovereignty; Land Grabbing; Sustainable Agriculture; Globalization; Smallholder Farmers; Agrarian Change; Political Economy; Climate Change Resilience; Peasant Movements
T13246,https://openalex.org/T13246,"Agriculture, Plant Science, Crop Management",Plant Science,Agricultural and Biological Sciences,Life Sciences,0,environment_biodiversity,0,Organic Fertilizers; Nutrient Sources; Seed Yield; Microbial Inoculant; Soil Properties; Plant Growth; Biofertilizers; Waste Management; Antioxidant Properties; Sustainable Agriculture
T14323,https://openalex.org/T14323,"Agriculture, Water, and Health",Water Science and Technology,Environmental Science,Physical Sciences,0,environment_biodiversity,0,Water Resource Management; Sustainability; Climate Change Impacts; Traditional Knowledge; Tank Cascade Systems; Hydrogeochemistry; Ancient Irrigation Systems; Agricultural Protection; Wastewater Treatment; Ecosystem Services
T13009,https://openalex.org/T13009,Agroforestry and silvopastoral systems,Forestry,Agricultural and Biological Sciences,Life Sciences,0,environment_biodiversity,0,Agroforestry; Biodiversity; Ecosystem Services; Temperate Region; Silvoarable Systems; Alley Cropping; Tree-Crop Interactions; Environmental Benefits; European Union; Sustainable Agriculture
T10190,https://openalex.org/T10190,Air Quality and Health Impacts,"Health, Toxicology and Mutagenesis",Environmental Science,Physical Sciences,0,environment_biodiversity,0,Air Pollution; Particulate Matter; Health Effects; Global Burden of Disease; Cardiovascular Disease; Fine Particulate Air Pollution; Mortality; Exposure Assessment; Oxidative Stress; Epidemiological Studies
T13980,https://openalex.org/T13980,Alexander von Humboldt Studies,Microbiology,Immunology and Microbiology,Life Sciences,0,environment_biodiversity,0,Microbiology; Sustainable Development Goals; Microbial Biotechnology; Soil Health; Alexander von Humboldt; Education; Environmental Science; Therapeutic Jurisprudence; Knowledge Management; AUV Control System
T13302,https://openalex.org/T13302,Amazonian Archaeology and Ethnohistory,History,Arts and Humanities,Social Sciences,0,environment_biodiversity,0,Amazonia; historical ecology; pre-Columbian; landscape management; anthropogenic soils; plant domestication; cultural landscapes; forest composition; agrobiodiversity; indigenous practices
T12837,https://openalex.org/T12837,American Environmental and Regional History,"Management, Monitoring, Policy and Law",Environmental Science,Physical Sciences,0,environment_biodiversity,0,Environmental Movement; Conservation; Renewable Energy; Industrial Agriculture; Wilderness Preservation; Chemical Pollution; National Parks; Sustainability; Historical Perspectives; Public Policy
T10332,https://openalex.org/T10332,Amphibian and Reptile Biology,Global and Planetary Change,Environmental Science,Physical Sciences,0,environment_biodiversity,0,Amphibian Declines; Chytridiomycosis; Climate Change; Biodiversity Loss; Pathogen Impact; Habitat Fragmentation; Species Extinction; Phylogenetic Analysis; Population Dynamics; Conservation Biology
T11913,https://openalex.org/T11913,Animal Ecology and Behavior Studies,Ecology,Environmental Science,Physical Sciences,0,environment_biodiversity,0,Invasive Species; Island Ecosystems; Population Dynamics; Rodent Eradication; Mast Seeding; Predator-Prey Interactions; Climate Change Effects; Conservation Biology; Spatial Synchrony; Ecosystem Restoration
T13435,https://openalex.org/T13435,Animal and Plant Science Education,Social Psychology,Psychology,Social Sciences,0,environment_biodiversity,0,Conservation; Attitudes; Biodiversity; Flagship Species; Animal Preferences; Plant Blindness; Cultural Salience; Education; Public Interest; Ethical Considerations
T13490,https://openalex.org/T13490,Aquatic Ecosystems and Biodiversity,Ecology,Environmental Science,Physical Sciences,0,environment_biodiversity,0,Lake Victoria; Lake Tanganyika; Lake Malawi; Eutrophication; Fisheries Management; Wetland Conservation; Biodiversity Loss; Water Quality; Human Impact; Climate Change
T10236,https://openalex.org/T10236,Aquatic Ecosystems and Phytoplankton Dynamics,Environmental Chemistry,Environmental Science,Physical Sciences,0,environment_biodiversity,0,Eutrophication; Harmful Algal Blooms; Cyanobacteria; Nutrient Control; Climate Change; Freshwater Ecosystems; Toxins; Phosphorus; Lake Management; Water Quality
T12097,https://openalex.org/T12097,Aquatic Invertebrate Ecology and Behavior,Ecology,Environmental Science,Physical Sciences,0,environment_biodiversity,0,Freshwater Mussels; Invasive Species; Ecosystem Engineering; Biodiversity Loss; Aquatic Invasions; Unionoida; Dreissenid Mussels; Conservation Genetics; Ecosystem Function; Environmental Impacts
T13939,https://openalex.org/T13939,Archaeology and Natural History,Anthropology,Social Sciences,Social Sciences,0,environment_biodiversity,0,Traditional Irrigation; Water Sustainability; Community Resilience; Hydrologic Interactions; Cultural Heritage; Ecosystem Services; Climate Adaptation; Archaeological Investigations; Social-Ecological Systems; Biodiversity Management
T10087,https://openalex.org/T10087,Archaeology and ancient environmental studies,Paleontology,Earth and Planetary Sciences,Physical Sciences,0,environment_biodiversity,0,Radiocarbon Dating; Agricultural Origins; Isotopic Analysis; Domestication Studies; Archaeological Residue Analysis; Stable Isotope Analysis; Carbon Cycle Dynamics; Strontium Isotopes; Neolithic Transition; Ancient Agriculture
T11459,https://openalex.org/T11459,Arctic and Antarctic ice dynamics,Atmospheric Science,Earth and Planetary Sciences,Physical Sciences,0,environment_biodiversity,0,Arctic; Sea Ice; Decline; Variability; Climate Change; Remote Sensing; Ocean Circulation; Freshwater Cycle; Antarctic Comparison; Atmospheric Circulation
T10089,https://openalex.org/T10089,Avian ecology and behavior,Ecology,Environmental Science,Physical Sciences,0,environment_biodiversity,0,Avian Ecology; Climate Change; Migration Patterns; Population Declines; Phenological Changes; Habitat Selection; Model Selection; Multimodel Inference; Agricultural Intensification; Conservation Actions
T11228,https://openalex.org/T11228,Bat Biology and Ecology Studies,"Ecology, Evolution, Behavior and Systematics",Agricultural and Biological Sciences,Life Sciences,0,environment_biodiversity,0,Bats; Hibernation; Echolocation; White-Nose Syndrome; Metabolic Rate; Molecular Phylogeny; Conservation; Foraging Behavior; Climate Change; Disease Ecology
T12178,https://openalex.org/T12178,Bird parasitology and diseases,Parasitology,Immunology and Microbiology,Life Sciences,0,environment_biodiversity,0,Avian Malaria; Haemosporidian Parasites; Bird Hosts; Vector-borne Diseases; Host Specificity; Parasite Diversity; Molecular Phylogeny; Pathogenic Effects; Ectoparasites; Climate Change Impacts
T14456,https://openalex.org/T14456,Blasting Impact and Analysis,Building and Construction,Engineering,Physical Sciences,0,environment_biodiversity,0,Disaster Management; Infrastructure Development; Geological Prediction; Risk Assessment; Energy Efficiency; Tunnel Construction; Urban Planning; Remote Sensing; Economic Growth; Environmental Monitoring
T14310,https://openalex.org/T14310,Botany and Geology in Latin America and Caribbean,"Ecology, Evolution, Behavior and Systematics",Agricultural and Biological Sciences,Life Sciences,0,environment_biodiversity,0,Cycads; Evolution; Conservation; Plant-derived Neurotoxins; Population Dynamics; Phylogenetic Relationships; Biodiversity; Ethnobotany; Invasive Insects; Geomorphology
T12618,https://openalex.org/T12618,Botany and Plant Ecology Studies,Plant Science,Agricultural and Biological Sciences,Life Sciences,0,environment_biodiversity,0,Vascular Plants; Conservation; Flora; Vegetation; Biodiversity; Climate Change; Ecology; Habitat; Invasive Species; Phytogeography
T11836,https://openalex.org/T11836,Bryophyte Studies and Records,"Ecology, Evolution, Behavior and Systematics",Agricultural and Biological Sciences,Life Sciences,0,environment_biodiversity,0,Bryophyte; Phylogeny; Mosses; Liverworts; Hornworts; Cryptic Speciation; Biogeography; Chemical Diversity; Climate Change Indicators; Habitat Fragmentation
T12305,https://openalex.org/T12305,Cassava research and cyanide,Plant Science,Agricultural and Biological Sciences,Life Sciences,0,environment_biodiversity,0,Cyanogenic Glycosides; Cassava; Cyanide; Biotreatment; Plant Chemical Defense; Cyanide Poisoning; Genomic Sequencing; Cassava Breeding; Cyanide Removal; Metabolic Pathways
T12524,https://openalex.org/T12524,Chemical Synthesis and Characterization,Waste Management and Disposal,Environmental Science,Physical Sciences,0,environment_biodiversity,0,Cesium Removal; Ion Exchange; Adsorption; Nanomaterials; Radioactive Waste; Metal Phosphonates; Selective Sorption; Hybrid Materials; Zeolite Nanoplatelets; Environmental Remediation
T10439,https://openalex.org/T10439,Climate change impacts on agriculture,"Ecology, Evolution, Behavior and Systematics",Agricultural and Biological Sciences,Life Sciences,0,environment_biodiversity,0,Climate Change; Agriculture; Adaptation; Food Security; Vulnerability; Crop Production; Sustainability; Global Warming; Water Management; Extreme Weather
T11188,https://openalex.org/T11188,Coagulation and Flocculation Studies,Water Science and Technology,Environmental Science,Physical Sciences,0,environment_biodiversity,0,Coagulation; Flocculation; Water Treatment; Nanoparticles; Dewatering; Polymer; Wastewater; Flocculants; Hydrolysis; Sludge
T10647,https://openalex.org/T10647,Coastal and Marine Dynamics,Earth-Surface Processes,Earth and Planetary Sciences,Physical Sciences,0,environment_biodiversity,0,Coastal Dynamics; Sea-Level Rise; Shoreline Change; Wave Modeling; Coastal Vulnerability; Beach Erosion; Sediment Transport; Climate Change Impacts; Coastal Management; Remote Sensing
T12414,https://openalex.org/T12414,Coastal and Marine Management,"Management, Monitoring, Policy and Law",Environmental Science,Physical Sciences,0,environment_biodiversity,0,Marine Spatial Planning; Ecosystem-Based Management; Integrated Coastal Management; Ocean Governance; Blue Economy; Cumulative Impacts; Stakeholder Engagement; Coastal Zone Management; Ecosystem Health; Sustainable Development Goals
T10779,https://openalex.org/T10779,Coastal wetland ecosystem dynamics,Ecology,Environmental Science,Physical Sciences,0,environment_biodiversity,0,Mangrove Forests; Coastal Protection; Carbon Sequestration; Sea-Level Rise; Ecosystem Services; Wetland Restoration; Climate Change; Tidal Wetlands; Salt Marshes; Global Carbon Budget
T13069,https://openalex.org/T13069,Cocoa and Sweet Potato Agronomy,Horticulture,Agricultural and Biological Sciences,Life Sciences,0,environment_biodiversity,0,Cacao; Agroforestry; Biodiversity Conservation; Climate Change Resilience; Genetic Diversity; Cocoa Production; Shade Trees; Disease Resistance; Soil Fertility; Ecosystem Services
T13781,https://openalex.org/T13781,Coleoptera: Cerambycidae studies,"Ecology, Evolution, Behavior and Systematics",Agricultural and Biological Sciences,Life Sciences,0,environment_biodiversity,0,Cerambycidae; Coleoptera; Neotropical Region; Taxonomy; Biodiversity; Host Plants; Distribution; New Species; Faunal Study; Conservation
T12981,https://openalex.org/T12981,Conservation Techniques and Studies,Conservation,Arts and Humanities,Social Sciences,0,environment_biodiversity,0,Climate Change; Cultural Heritage; Conservation; Environmental Monitoring; Museum Environments; Sea-Level Rise; Microclimate Control; Indoor Air Quality; Archaeological Sites; Risk Assessment
T10319,https://openalex.org/T10319,"Conservation, Biodiversity, and Resource Management",Global and Planetary Change,Environmental Science,Physical Sciences,0,environment_biodiversity,0,Tropical Deforestation; Environmental Services; Protected Areas; Community-Based Conservation; Biodiversity Conservation; Payments for Ecosystem Services; Climate Change; Forest Governance; Land Use Change; Global Forest Transition
T13967,https://openalex.org/T13967,"Conservation, Ecology, Wildlife Education","Management, Monitoring, Policy and Law",Environmental Science,Physical Sciences,0,environment_biodiversity,0,Conservation Biology; Policy Advocacy; Leadership; Endangered Species Act; Scientific Integrity; Environmental Science; Sustainability; Applied Ecology; Graduate Education; Biodiversity Conservation
T11624,https://openalex.org/T11624,Constructed Wetlands for Wastewater Treatment,Waste Management and Disposal,Environmental Science,Physical Sciences,0,environment_biodiversity,0,Constructed Wetlands; Wastewater Treatment; Nutrient Removal; Microbial Processes; Phosphorus Removal; Plant Effects; Subsurface Flow Systems; Nitrogen Removal; Hybrid Wetlands; Treatment Efficiency
T10341,https://openalex.org/T10341,Coral and Marine Ecosystems Studies,Ecology,Environmental Science,Physical Sciences,0,environment_biodiversity,0,Coral Reefs; Climate Change; Marine Ecosystems; Ocean Acidification; Bleaching; Marine Reserves; Symbiotic Dinoflagellates; Coral Disease; Marine Population Connectivity; Coral Microbiome
T13562,https://openalex.org/T13562,Cruise Tourism Development and Management,Transportation,Social Sciences,Social Sciences,0,environment_biodiversity,0,Cruise Tourism; Environmental Impact; Economic Contribution; Sustainability; Port Management; Passenger Behavior; COVID-19 Impact; Destination Satisfaction; Shore Excursions; Marine Waste Management
T11004,https://openalex.org/T11004,Crustacean biology and ecology,Ecology,Environmental Science,Physical Sciences,0,environment_biodiversity,0,Crayfish; Invasion; Freshwater; Biodiversity; Ecological Impact; DNA Barcoding; Conservation; Physiological Adaptation; Predation; Global Distribution
T14053,https://openalex.org/T14053,Dengue and Mosquito Control Research,Sociology and Political Science,Social Sciences,Social Sciences,0,environment_biodiversity,0,Public Perception; Sustainable Development; Water Pollution; Agriculture Development; Food Safety; Climate Change; Ecosystem Vulnerability; Insecticide Susceptibility; Community Participation; Vector Control
T12662,https://openalex.org/T12662,Digitalization and Economic Development in Agriculture,Strategy and Management,"Business, Management and Accounting",Social Sciences,1,environment_biodiversity,0,Sustainable Development; Knowledge Economy; Industry 4.0; Digital Economy; Innovation; Energy Alternatives; Social Entrepreneurship; Global Economy; Artificial Intelligence; Regional Development
T12606,https://openalex.org/T12606,Diptera species taxonomy and behavior,"Ecology, Evolution, Behavior and Systematics",Agricultural and Biological Sciences,Life Sciences,0,environment_biodiversity,0,Diptera; phylogeny; taxonomy; morphology; evolution; molecular data; species diversity; biogeography; systematics; insect biodiversity
T13318,https://openalex.org/T13318,Diverse Scientific Research in Ukraine,Global and Planetary Change,Environmental Science,Physical Sciences,0,environment_biodiversity,0,Climate Change; Forest Biodiversity; Tourism Industry; Economic Consequences; Environmental Rehabilitation; Plant Species; State Regulation; Healthcare Sector; Financial Markets; Information Theory
T14009,https://openalex.org/T14009,Ecology and Conservation Studies,Plant Science,Agricultural and Biological Sciences,Life Sciences,0,environment_biodiversity,0,Vascular Plants; Flora; Conservation; Korean Peninsula; Endemic Species; Climate Change; Invasive Species; Habitat Environment; Ecological Characteristics; Genetic Resources
T10005,https://openalex.org/T10005,Ecology and Vegetation Dynamics Studies,Nature and Landscape Conservation,Environmental Science,Physical Sciences,0,environment_biodiversity,0,Biodiversity; Conservation; Ecosystem; Invasive Species; Functional Diversity; Habitat Fragmentation; Community Ecology; Global Change; Species Richness; Biological Invasions
T14039,https://openalex.org/T14039,Ecology and biodiversity studies,Ecology,Environmental Science,Physical Sciences,0,environment_biodiversity,0,Beaver Dams; Ecosystem Engineering; Habitat Restoration; Biodiversity; Riparian Areas; Wetland Development; Stream Ecology; Invasive Species; Geomorphological Effects; Species Richness
T13394,https://openalex.org/T13394,"Ecology, Conservation, and Geographical Studies",Nature and Landscape Conservation,Environmental Science,Physical Sciences,0,environment_biodiversity,0,Biosphere Reserves; Landscape Management; Conservation; Sustainable Development; Participatory Governance; Social Construction; Energiewende; Environmental Conflict Resolution; Virtual Reality; Geographical Discourse Analysis
T12705,https://openalex.org/T12705,Educational Reforms and Innovations,"Health, Toxicology and Mutagenesis",Environmental Science,Physical Sciences,0,environment_biodiversity,0,Environmental Risk Assessment; Pollution Monitoring; Conservation Issues; Biochar Application; Land Cover Feedbacks; Global Capitalism; Internet Security; Regional Planning; Water Quality; Economic Hybridity
T12365,https://openalex.org/T12365,Effects of Environmental Stressors on Livestock,Animal Science and Zoology,Agricultural and Biological Sciences,Life Sciences,0,environment_biodiversity,0,Heat Stress; Livestock Production; Dairy Cattle; Climate Change; Physiological Responses; Metabolic Adaptations; Genetic Component; Thermal Physiology; Environmental Effects; Animal Welfare
T13691,https://openalex.org/T13691,"Energy, Environment, Agriculture Analysis","Renewable Energy, Sustainability and the Environment",Energy,Physical Sciences,0,environment_biodiversity,0,Energy Consumption; Agricultural Practices; Renewable Energy; Water Management; Flood Mitigation; Nutrient Management; Residential Areas; Fuel Cells; Environmental Evaluation; Building Sector
T14218,https://openalex.org/T14218,Engineering Education and Global Impact,Development,Social Sciences,Social Sciences,0,environment_biodiversity,0,Sustainable Development; Social Change; Engineering Education; Climate Change; Latin America; Human Rights; Innovation; Community Engagement; Biodiversity Conservation; Poverty Reduction
T12710,https://openalex.org/T12710,Engineering and Agricultural Innovations,Aquatic Science,Agricultural and Biological Sciences,Life Sciences,0,environment_biodiversity,0,Irrigation; Water Efficiency; Hydraulic Parameters; Renewable Energy; Soil Salinity Assessment; Crop Monitoring; Energy Consumption; Sedimentation Reservoirs; GIS and RS Applications; Climate Change Impact
T14378,https://openalex.org/T14378,Entomological Studies and Ecology,"Ecology, Evolution, Behavior and Systematics",Agricultural and Biological Sciences,Life Sciences,0,environment_biodiversity,0,Processionary Moth; Climate Change; Caterpillar Envenoming; Host Utilisation; Forest Pest Management; Climatic Warming; Venomous Caterpillars; Pine Forests; Population Dynamics; Epidemiology
T13203,https://openalex.org/T13203,Environmental Changes in China,Global and Planetary Change,Environmental Science,Physical Sciences,0,environment_biodiversity,0,Land Use Change; Environmental Impact; China; Sustainability; Remote Sensing; Ecosystem Services; Climate Change; Wetland Landscape; Urbanization; Grassland Degradation
T13092,https://openalex.org/T13092,Environmental Chemistry and Analysis,Environmental Chemistry,Environmental Science,Physical Sciences,0,environment_biodiversity,0,Surfactants; Biodegradation; Quaternary Ammonium Compounds; Environmental Fate; Toxicity; Chelating Agents; Anaerobic Degradation; Wastewater Treatment; Ecotoxicity; Microbial Community
T13438,https://openalex.org/T13438,Environmental Conservation and Management,"Management, Monitoring, Policy and Law",Environmental Science,Physical Sciences,0,environment_biodiversity,0,Biodiversity Offsets; No Net Loss; Ecological Compensation; Mitigation Hierarchy; Environmental Impact Assessment; Habitat Banking; Conservation Banking; Ecosystem Services Markets; Wetland Mitigation; Corporate Biodiversity Accountability
T12640,https://openalex.org/T12640,Environmental DNA in Biodiversity Studies,Ecology,Environmental Science,Physical Sciences,0,environment_biodiversity,0,Environmental DNA; Metabarcoding; Biodiversity Monitoring; Next-Generation Sequencing; Conservation Genetics; Species Detection; DNA Barcoding; Aquatic Ecosystems; Ecological Assessment; Molecular Ecology
T12819,https://openalex.org/T12819,Environmental Philosophy and Ethics,Nature and Landscape Conservation,Environmental Science,Physical Sciences,0,environment_biodiversity,0,Rewilding; Conservation; Ecological Citizenship; Environmental Ethics; De-extinction; Restoration Ecology; Trophic Rewilding; Place Attachment; Environmental Aesthetics; Biodiversity Management
T13909,https://openalex.org/T13909,Environmental Quality and Pollution,Ecology,Environmental Science,Physical Sciences,1,environment_biodiversity,0,Ecological Assessment; Urban Development; Environmental Management; Eco-cities; Sustainable Development; Artificial Neural Network; Heavy Metals Pollution; Ecosystem Health; GIS and Remote Sensing; Land Use Change
T14178,https://openalex.org/T14178,Environmental Science and Water Management,Water Science and Technology,Environmental Science,Physical Sciences,0,environment_biodiversity,0,Water Resources Management; Integrated Management; Hydrological Analysis; Water Quality Monitoring; Environmental Policy; Climate Change Impact; Socio-economic Factors; Global Water Resources; Community Action Framework; Geospatial Public Health Research
T10447,https://openalex.org/T10447,Environmental Toxicology and Ecotoxicology,"Health, Toxicology and Mutagenesis",Environmental Science,Physical Sciences,0,environment_biodiversity,0,Bioaccumulation; Oxidative Stress; Biomarkers; Environmental Risk Assessment; Aquatic Organisms; Metal Toxicity; Pesticides; Ecological Impact; Water Quality; Contaminant Effects
T14157,https://openalex.org/T14157,Environmental and Agricultural Sciences,Water Science and Technology,Environmental Science,Physical Sciences,0,environment_biodiversity,0,Hydrological Effects; Water Resources; China; Climate Change; Soil Moisture; River Basins; Erosion Control; Remote Sensing; Sustainability; Environmental Impact
T13793,https://openalex.org/T13793,Environmental and Analytical Chemistry Studies,Water Science and Technology,Environmental Science,Physical Sciences,0,environment_biodiversity,0,Water Quality; Environmental Contamination; Heavy Metals; Soil Remediation; Nanotechnology; Wastewater Treatment; Phytoremediation; Sustainable Development; Chemical Analysis; Environmental Impact
T14372,https://openalex.org/T14372,Environmental and Biological Research in Conflict Zones,"Management, Monitoring, Policy and Law",Environmental Science,Physical Sciences,0,environment_biodiversity,0,Warfare Ecology; Global Food Security; Environmental Consequences; Renewable Energy; Supply Chain Disruption; Climate Change; Biodiversity Conservation; Energy Transition; Armed Conflict; Water Resources
T14472,https://openalex.org/T14472,Environmental and Cultural Studies in Latin America and Beyond,Ecology,Environmental Science,Physical Sciences,0,environment_biodiversity,0,Earth Stewardship; Biocultural Conservation; Environmental Ethics; Long-Term Ecological Research; Biocultural Homogenization; Mount St. Helens; Transdisciplinary Research; Climate Change Impacts; Socioecological Transformation; Indigenous Knowledge
T14106,https://openalex.org/T14106,Environmental and Sediment Control,"Management, Monitoring, Policy and Law",Environmental Science,Physical Sciences,1,environment_biodiversity,0,Water Framework Directive; Environmental Management; Sediment Dredging; Pollutant Load; Science-Policy Interfacing; Data Mining; Wastewater Treatment; Ecosystem Management; Groundwater Monitoring; Environmental Monitoring
T13548,https://openalex.org/T13548,Environmental and biological studies,Ecology,Environmental Science,Physical Sciences,0,environment_biodiversity,0,Litter Production; Nutrient Cycling; Rainfall Patterns; Forest Restoration; Climate Change Impacts; Biodiversity Assessment; Agroclimatic Zoning; Soil Fertility; Ecosystem Health; Tropical Forest Ecology
T12078,https://openalex.org/T12078,Environmental remediation with nanomaterials,Biomedical Engineering,Engineering,Physical Sciences,0,environment_biodiversity,0,Groundwater Remediation; Wastewater Treatment; Heavy Metal Removal; Environmental Cleanup; Nano Zero-Valent Iron; Contaminant Sequestration; Permeable Reactive Barriers; Reductive Dechlorination; Surface Modification; Spectroscopic Investigation
T13469,https://openalex.org/T13469,"Environmental, Ecological, and Cultural Studies",Sociology and Political Science,Social Sciences,Social Sciences,0,environment_biodiversity,0,Collapse; Sustainability; Permaculture; Climate Change; Environmental Policy; Agroecology; Resource Management; Biodiversity Conservation; Global Warming; Resilience
T11136,https://openalex.org/T11136,Enzyme-mediated dye degradation,Plant Science,Agricultural and Biological Sciences,Life Sciences,0,environment_biodiversity,0,Laccases; Enzymatic Decolorization; Fungal Genomes; Azo Dyes; Biodegradation; Textile Wastewaters; White-Rot Fungi; Peroxidases; Ligninolytic Enzymes; Bioremediation
T11331,https://openalex.org/T11331,Fecal contamination and water quality,Water Science and Technology,Environmental Science,Physical Sciences,0,environment_biodiversity,0,Waterborne Disease; Pathogen Transport; Fecal Contamination; Microbial Source Tracking; Colloid Filtration Theory; Bacterial Pathogens; Indicator Organisms; Public Health Protection; Groundwater Pollution; Recreational Water Quality
T12359,https://openalex.org/T12359,Fern and Epiphyte Biology,"Ecology, Evolution, Behavior and Systematics",Agricultural and Biological Sciences,Life Sciences,0,environment_biodiversity,0,Ferns; Epiphytes; Phylogeny; Adaptive Radiation; Bromeliaceae; Biogeography; Canopy Communities; Gametophyte Ecology; Polyploidy; Morphological Evolution
T10555,https://openalex.org/T10555,Fire effects on ecosystems,Global and Planetary Change,Environmental Science,Physical Sciences,0,environment_biodiversity,0,Climate Change; Forest Fires; Wildfire Activity; Global Emissions; Fire Regimes; Boreal Forests; Soil Properties; Ecosystem Resilience; Carbon Loss; Remote Sensing
T12319,https://openalex.org/T12319,Fish Biology and Ecology Studies,Aquatic Science,Agricultural and Biological Sciences,Life Sciences,0,environment_biodiversity,0,Fish; Length-Weight Relationships; Morphology; Biodiversity; Biogeography; Freshwater; Conservation; Genetic Diversity; Phylogenetic Analysis; Environmental Factors
T10302,https://openalex.org/T10302,Fish Ecology and Management Studies,Nature and Landscape Conservation,Environmental Science,Physical Sciences,0,environment_biodiversity,0,Freshwater Biodiversity; Conservation Challenges; Flow Regulation; Hydropower Dam Construction; Environmental Flows; Invasive Species; Climate Change; Fisheries Sustainability; Habitat Fragmentation; River Ecosystems
T12014,https://openalex.org/T12014,"Fish biology, ecology, and behavior",Nature and Landscape Conservation,Environmental Science,Physical Sciences,0,environment_biodiversity,0,Freshwater Ecoregions; Fish Biodiversity; Amazon River System; Hydropower Dams; Neotropical Fish Assemblages; Aging Research; Tropical River Fisheries; Electroreception in Fishes; Habitat Degradation; Biogeographical Patterns
T10930,https://openalex.org/T10930,Flood Risk Assessment and Management,Global and Planetary Change,Environmental Science,Physical Sciences,0,environment_biodiversity,0,Flood Risk; Remote Sensing; Climate Change; Surface Water Mapping; Flood Inundation Modeling; Urban Flooding; Risk Perception; Hydrological Modeling; Satellite Imagery; Disaster Management
T14010,https://openalex.org/T14010,Food Industry and Aquatic Biology,Food Science,Agricultural and Biological Sciences,Life Sciences,0,environment_biodiversity,0,Food Security; Nutrition; Climate Change; Functional Foods; Agricultural Development; Fisheries Management; Micronutrients; Biological Resources; Sustainable Development; Economic Implications
T12713,https://openalex.org/T12713,Forest Ecology and Biodiversity Studies,Insect Science,Agricultural and Biological Sciences,Life Sciences,0,environment_biodiversity,0,Dead Wood; Forest Management; Saproxylic Beetles; Wood Decomposition; Biodiversity Conservation; Fungal Communities; Coarse Woody Debris; Ecosystem Functioning; Habitat Requirements; Global Meta-analysis
T14050,https://openalex.org/T14050,Forest Ecology and Conservation,Forestry,Agricultural and Biological Sciences,Life Sciences,0,environment_biodiversity,0,Agroforestry; Biodiversity Conservation; Medicinal Plants; Forest Health; Land Suitability; Community Management; Geographic Information System; Social Capital; Climate Resilience; Soil Conservation
T11691,https://openalex.org/T11691,Forest Insect Ecology and Management,Ecology,Environmental Science,Physical Sciences,0,environment_biodiversity,0,Forest Pests; Bark Beetles; Invasive Species; Climate Change; Ecosystem Disturbances; Tree Defense Mechanisms; Global Warming; Pathogen Invasions; Economic Impacts; Biological Invasions
T11753,https://openalex.org/T11753,Forest Management and Policy,Global and Planetary Change,Environmental Science,Physical Sciences,0,environment_biodiversity,0,Forest Carbon Sequestration; Climate Change Impacts; Sustainable Forest Management; Economic Value; Adaptive Management; Biodiversity Conservation; Private Forest Ownership; Carbon Sinks; Timber Production; European Forestry
T11880,https://openalex.org/T11880,Forest ecology and management,Nature and Landscape Conservation,Environmental Science,Physical Sciences,0,environment_biodiversity,0,Allometric Models; Biomass Estimation; Carbon Stocks; Tropical Forests; Tree Allometry; Forest Site Productivity; Aboveground Biomass; Tree Height-Diameter Models; Stand Density; Climate Change Impact
T14391,https://openalex.org/T14391,"Forest, Soil, and Plant Ecology in China",Education,Social Sciences,Social Sciences,0,environment_biodiversity,0,Web-Based Education; Global Change; Sustainability Indicators; Multicultural Perspectives; Carbon Storage; Geographical Patterns; Environmental Systems; Remote Sensing; Climate Change; Ecosystem Dynamics
T14479,https://openalex.org/T14479,Freezing and Crystallization Processes,Mechanics of Materials,Engineering,Physical Sciences,0,environment_biodiversity,0,Freeze Desalination; Concentration; Wastewater Treatment; Ice Morphology; Cryoconcentration Technology; Membrane Distillation; LNG Cold Energy; Progressive Freeze-Concentration; Eutectic Freeze Crystallization; Scraped Surface Heat Exchanger
T10669,https://openalex.org/T10669,Freshwater macroinvertebrate diversity and ecology,Ecology,Environmental Science,Physical Sciences,0,environment_biodiversity,0,Stream Ecosystems; Land Use; Freshwater Biodiversity; Aquatic Insects; Ecosystem Functioning; River Restoration; Metacommunity Structure; Macroinvertebrate Communities; Nutrient Enrichment; Biomonitoring
T12577,https://openalex.org/T12577,Geography and Environmental Studies,Water Science and Technology,Environmental Science,Physical Sciences,0,environment_biodiversity,0,Hydrographic Basins; Environmental Conservation; Geospatial Analysis; Climatology; Land Use Planning; Erosion Control; Geoinformatics; Sustainable Development; Remote Sensing; Biodiversity Preservation
T13021,https://openalex.org/T13021,Geology and Environmental Impact Studies,Law,Social Sciences,Social Sciences,0,environment_biodiversity,0,Environmental Protection; Public Participation; Sustainable Development; Mining Regulations; Habitat Distribution; Geoinformation Systems; Mineral Resources; Land Reclamation; Water Management; Biodiversity Conservation
T11405,https://openalex.org/T11405,Geophysics and Gravity Measurements,Oceanography,Earth and Planetary Sciences,Physical Sciences,0,environment_biodiversity,0,GRACE; sea level rise; groundwater depletion; climate change; satellite measurements; polar ice sheets; hydrological modeling; geodetic measurements; mass variability; land water storage
T12456,https://openalex.org/T12456,Geotourism and Geoheritage Conservation,Geology,Earth and Planetary Sciences,Physical Sciences,0,environment_biodiversity,0,Geotourism; Geoheritage; Geodiversity; Geoconservation; Geomorphosites; Sustainable Tourism; Cultural Landscape; Global Geoparks Network; Ecosystem Services; Biodiversity
T10398,https://openalex.org/T10398,Groundwater and Isotope Geochemistry,Geochemistry and Petrology,Earth and Planetary Sciences,Physical Sciences,0,environment_biodiversity,0,Groundwater; Isotopes; Stable; Precipitation; Nitrate; Recharge; Climate Change; Water Quality; Hydrogeochemical Processes; Global Depletion
T12780,https://openalex.org/T12780,Heavy Metal Pollution Remediation,Water Science and Technology,Environmental Science,Physical Sciences,0,environment_biodiversity,0,Water Quality; Pollution; Heavy Metals; Xylitol Toxicity; Environmental Management; Aquatic Ecosystems; Wastewater Treatment; Bioecology Sampling; Marine Biology; Toxicology
T12329,https://openalex.org/T12329,Hemiptera Insect Studies,"Ecology, Evolution, Behavior and Systematics",Agricultural and Biological Sciences,Life Sciences,0,environment_biodiversity,0,Stink Bug; Halyomorpha halys; Pentatomidae; Invasive Species; Biological Control; Hemiptera; Phylogeny; Pheromones; Climate Change; Integrated Pest Management
T14261,https://openalex.org/T14261,Herbal Medicine and Trade Cooperation,Economics and Econometrics,"Economics, Econometrics and Finance",Social Sciences,0,environment_biodiversity,0,China; globalization; economic development; international relations; investment; technology transfer; catch-up development; sustainable development; trade cooperation; biodiversity conservation
T13622,https://openalex.org/T13622,Historical and Environmental Studies,Sociology and Political Science,Social Sciences,Social Sciences,0,environment_biodiversity,0,Territorial Planning; Environmental Impact; Regional Development; Urban Geography; Cultural Heritage; Water Quality; Sediment Characterization; Industrialization; Social Innovation; Historical Ecology
T12641,https://openalex.org/T12641,Historical and socio-economic studies of Spain and related regions,Economics and Econometrics,"Economics, Econometrics and Finance",Social Sciences,0,environment_biodiversity,0,Economic Development; Agriculture; Water Management; Climate Change; Rural Society; Historical Evolution; Resource Utilization; Industrialization; Sustainability; Demographic Trends
T11490,https://openalex.org/T11490,Hydrological Forecasting Using AI,Environmental Engineering,Environmental Science,Physical Sciences,1,environment_biodiversity,0,Machine Learning; Hydrology; Forecasting; Artificial Neural Networks; Water Resources; Rainfall-Runoff Modeling; Support Vector Machines; Wavelet Analysis; Model Performance; Groundwater Level Forecasting
T10330,https://openalex.org/T10330,Hydrology and Watershed Management Studies,Water Science and Technology,Environmental Science,Physical Sciences,0,environment_biodiversity,0,Hydrological Modeling; Water Resources; Climate Change; Model Evaluation; Global Hydrology; Uncertainty Assessment; Watershed Simulation; Sediment Transport; Land Use Change; Streamflow Trends
T13934,https://openalex.org/T13934,Indigenous Knowledge Systems and Agriculture,Plant Science,Agricultural and Biological Sciences,Life Sciences,0,environment_biodiversity,0,Indigenous Knowledge; Soil Fertility; Local Soil Classification; Sustainable Development; Knowledge Management; Agricultural Practices; Farmers' Perception; Land Use; Ethnopedology; Traditional Farming Systems
T12614,https://openalex.org/T12614,Indigenous Studies and Ecology,General Health Professions,Health Professions,Health Sciences,0,environment_biodiversity,0,Arctic Indigenous Peoples; climate change; traditional knowledge; food security; nutrition transition; community-based monitoring; vulnerability; Inuit; Sami; ecological knowledge
T13391,https://openalex.org/T13391,Innovations in Aquaponics and Hydroponics Systems,Aquatic Science,Agricultural and Biological Sciences,Life Sciences,0,environment_biodiversity,0,Aquaponics; Sustainability; Hydroponics; Nutrient Recycling; Commercial Production; Water Quality; Fish Welfare; Urban Agriculture; Microbial Communities; IoT Monitoring
T12336,https://openalex.org/T12336,Insect Utilization and Effects,Insect Science,Agricultural and Biological Sciences,Life Sciences,0,environment_biodiversity,0,Edible Insects; Food Security; Animal Feed; Nutritional Composition; Environmental Impact; Insect Farming; Sustainability; Consumer Acceptance; Waste Management; Protein Source
T13375,https://openalex.org/T13375,Integrated Water Resources Management,Water Science and Technology,Environmental Science,Physical Sciences,0,environment_biodiversity,0,Water Quality; Catchment Management; Eutrophication; Groundwater Hydrology; Surface Water Assessment; Small Water Retention; Agricultural Impact; Environmental Improvement; Flood Hazards; Hydrological Transformations
T12652,https://openalex.org/T12652,International Maritime Law Issues,"Management, Monitoring, Policy and Law",Environmental Science,Physical Sciences,0,environment_biodiversity,0,Marine Genetic Resources; Access and Benefit Sharing; International Law; Biodiversity Conservation; UNCLOS; Nagoya Protocol; Bioprospecting; Continental Shelf Delimitation; High Seas Governance; Environmental Protection
T14399,https://openalex.org/T14399,Invertebrate Taxonomy and Ecology,"Ecology, Evolution, Behavior and Systematics",Agricultural and Biological Sciences,Life Sciences,0,environment_biodiversity,0,Earthworms; DNA Barcoding; Cryptic Diversity; Phylogenetic Analysis; Genetic Structure; Taxonomy; Molecular Phylogeny; Invasive Species; Soil Biodiversity; Species Delimitation
T10226,https://openalex.org/T10226,Land Use and Ecosystem Services,Global and Planetary Change,Environmental Science,Physical Sciences,0,environment_biodiversity,0,Ecosystem Services; Land Use Change; Urbanization; Global Impact; Biodiversity Conservation; Sustainability; Spatial Dynamics; Human-Nature Interactions; Environmental Policy; Social-Ecological Systems
T11974,https://openalex.org/T11974,Lepidoptera: Biology and Taxonomy,Genetics,"Biochemistry, Genetics and Molecular Biology",Life Sciences,0,environment_biodiversity,0,DNA Barcoding; Lepidoptera; Taxonomy; Evolution; Phylogeny; Molecular Phylogenetics; Butterflies; Moths; Cryptic Species; Biodiversity
T11528,https://openalex.org/T11528,Lichen and fungal ecology,"Ecology, Evolution, Behavior and Systematics",Agricultural and Biological Sciences,Life Sciences,0,environment_biodiversity,0,Lichen; Symbiosis; Biomonitoring; Secondary Metabolites; Phylogenetic Analysis; Air Pollution; Mosses; Fungi; Antioxidant Activity; Biogeography
T14195,https://openalex.org/T14195,Linguistic and Cultural Studies,Plant Science,Agricultural and Biological Sciences,Life Sciences,0,environment_biodiversity,0,Plant Names; Ethnobotany; Eponyms; Synonyms; Medicinal Plants; Cultural Practices; Botanical History; Taxonomy; Biodiversity Conservation; Traditional Knowledge
T10765,https://openalex.org/T10765,Marine Biology and Ecology Research,Oceanography,Earth and Planetary Sciences,Physical Sciences,0,environment_biodiversity,0,Marine Biodiversity; Ecosystem Functioning; Deep-Sea Ecology; Estuarine Quality; Benthic Communities; Taxonomic Diversity; Hydrothermal Vents; Biogeography; Sediment Biodiversity; Phylogenetic Relationships
T12213,https://openalex.org/T12213,Marine Ecology and Invasive Species,Global and Planetary Change,Environmental Science,Physical Sciences,0,environment_biodiversity,0,Marine Invasions; Biodiversity; Mediterranean Sea; Invasive Species; Global Shipping; Climate Change; Biological Invasions; Hull Fouling; Ballast Water Management; Ecosystem Functioning
T13485,https://openalex.org/T13485,Marine and Coastal Ecosystems,Ecology,Environmental Science,Physical Sciences,0,environment_biodiversity,0,Marine Ecology; Fisheries Management; Environmental Impact; Water Quality; Biodiversity; Heavy Metals; Sustainable Livelihoods; Climate Change Adaptation; Community Dynamics; Economic Development
T10032,https://openalex.org/T10032,Marine and coastal ecosystems,Oceanography,Earth and Planetary Sciences,Physical Sciences,0,environment_biodiversity,0,Dissolved Organic Matter; Eutrophication; Harmful Algal Blooms; Oceanic Carbon Cycle; Phytoplankton; Global Warming; Nutrient Limitation; Biological Productivity; Oceanic Oxygen Levels; Climate Change
T10643,https://openalex.org/T10643,Marine and coastal plant biology,Oceanography,Earth and Planetary Sciences,Physical Sciences,0,environment_biodiversity,0,Seagrasses; Kelp Forests; Marine Biodiversity; Ocean Acidification; Ecosystem Resilience; Coastal Protection; Macroalgae; Climate Change Impacts; Benthic Communities; Global Seaweed Distribution
T10230,https://openalex.org/T10230,Marine and fisheries research,Global and Planetary Change,Environmental Science,Physical Sciences,0,environment_biodiversity,0,Climate Change; Marine Fisheries; Ecosystem Management; Fish Population Dynamics; Oceanic Ecosystems; Fisheries Sustainability; Trophic Cascades; Global Fish Production; Estuarine Habitats; Otolith Chemistry
T10659,https://openalex.org/T10659,Marine animal studies overview,Ecology,Environmental Science,Physical Sciences,0,environment_biodiversity,0,Marine Mammals; Anthropogenic Noise; Habitat Change; Cetaceans; Predator-Prey Interactions; Climate Change; Acoustic Communication; Ecosystem Sentinels; Conservation; Population Dynamics
T13746,https://openalex.org/T13746,Mechanical Systems and Engineering,"Renewable Energy, Sustainability and the Environment",Energy,Physical Sciences,0,environment_biodiversity,0,Renewable Energy; Agricultural Economics; Soil Treatment; Tillage Effect; Carbon Nanotube Composite; Control Systems; Grain Extraction; Environmental Safety; Wood-Polymeric Materials; Vibration Mechanochemical Coating
T11231,https://openalex.org/T11231,Microbial Fuel Cells and Bioremediation,Environmental Engineering,Environmental Science,Physical Sciences,0,environment_biodiversity,0,Microbial Fuel Cells; Extracellular Electron Transfer; Electrogenic Bacteria; Electricity Generation; Bioelectrochemical Systems; Wastewater Treatment; Electron Transfer Mechanisms; Shewanella and Geobacter; Nanowires; Hydrogen Production
T12234,https://openalex.org/T12234,Mollusks and Parasites Studies,Insect Science,Agricultural and Biological Sciences,Life Sciences,0,environment_biodiversity,0,Snails; Parasitism; Angiostrongylus; Mollusks; Invasive Species; Eosinophilic Meningitis; Nematodes; Biodiversity; Gastropods; Infection
T10451,https://openalex.org/T10451,Mycorrhizal Fungi and Plant Interactions,Plant Science,Agricultural and Biological Sciences,Life Sciences,0,environment_biodiversity,0,Mycorrhizal Fungi; Fungal Diversity; Plant Interactions; Soil Biota; Symbiotic Relationships; Ecosystem Functioning; DNA Barcoding; Community Structure; Nutrient Cycling; Environmental Sequencing
T10520,https://openalex.org/T10520,Mycotoxins in Agriculture and Food,Plant Science,Agricultural and Biological Sciences,Life Sciences,0,environment_biodiversity,0,Mycotoxins; Toxicology; Fungal Pathogens; Food Safety; Aflatoxin; Health Effects; Regulations; Detoxification; Climate Change; Risk Assessment
T13350,https://openalex.org/T13350,Myxozoan Parasites in Aquatic Species,Cancer Research,"Biochemistry, Genetics and Molecular Biology",Life Sciences,0,environment_biodiversity,0,Myxozoan; parasite; phylogeny; host-parasite relationship; pathogenic species; life cycle; molecular phylogeny; gill-infecting; proliferative kidney disease; biodiversity
T14231,https://openalex.org/T14231,New Zealand Economic and Social Studies,Economics and Econometrics,"Economics, Econometrics and Finance",Social Sciences,0,environment_biodiversity,0,New Zealand; economy; environmental policy; regional dynamics; income distribution; land use; climate change; agricultural emissions; housing market; labour productivity
T12806,https://openalex.org/T12806,Ocean Acidification Effects and Responses,Oceanography,Earth and Planetary Sciences,Physical Sciences,0,environment_biodiversity,0,Ocean Acidification; Marine Organisms; CO2 Emissions; Calcifying Organisms; Ecosystem Impacts; Seawater pH; Shellfish Calcification; Biological Responses; Global Change; Biodiversity Shifts
T10255,https://openalex.org/T10255,Oceanographic and Atmospheric Processes,Oceanography,Earth and Planetary Sciences,Physical Sciences,0,environment_biodiversity,0,Oceanic Modeling; Ocean Circulation; Tidal Analysis; Mesoscale Eddies; Mixed Layer Depth; Global Heat Transport; Data Assimilation; Submesoscale Processes; Estuarine Circulation; Climate Change Impact
T12703,https://openalex.org/T12703,Oil Palm Production and Sustainability,Ecology,Environmental Science,Physical Sciences,0,environment_biodiversity,0,Oil Palm Expansion; Biodiversity; Tropical Agriculture; Deforestation; Sustainability Certification; Smallholder Farmers; Environmental Impact; Land Use Change; Greenhouse Gas Emissions; Conservation
T11066,https://openalex.org/T11066,Organic Food and Agriculture,Plant Science,Agricultural and Biological Sciences,Life Sciences,0,environment_biodiversity,0,Organic Agriculture; Food Quality; Consumer Perception; Sustainability Labels; Local Food Systems; Biodiversity; Environmental Impact; Consumer Behavior; Food Supply Chains; Alternative Food Networks
T10815,https://openalex.org/T10815,Parasite Biology and Host Interactions,Ecology,Environmental Science,Physical Sciences,0,environment_biodiversity,0,Parasites; Ecosystem; Host-Parasite Interactions; Biodiversity; Invasive Species; Disease Risk; Community Ecology; Global Change; Molecular Phylogeny; Aquatic Environment
T13591,https://openalex.org/T13591,Pasture and Agricultural Systems,Forestry,Agricultural and Biological Sciences,Life Sciences,0,environment_biodiversity,0,Perennial Pastures; Grazing Management; Water Use Efficiency; Drought Survival; Soil Water Balance; Temperate Grasses; Sustainable Grazing Systems; Summer Dormancy; Crop-Livestock Farming; Climate Change Impacts
T12091,https://openalex.org/T12091,Peatlands and Wetlands Ecology,Ecology,Environmental Science,Physical Sciences,0,environment_biodiversity,0,Peatlands; Carbon; Methane Emissions; Wetlands; Climate Change; Microbial Processes; Hydrology; Nitrogen Deposition; Boreal Ecosystems; Ecosystem Resilience
T11869,https://openalex.org/T11869,Per- and polyfluoroalkyl substances research,Environmental Chemistry,Environmental Science,Physical Sciences,0,environment_biodiversity,0,Perfluoroalkyl Substances; Polyfluoroalkyl Compounds; PFASs; Environmental Contamination; Toxicological Findings; Global Distribution; Health Effects; Exposure Pathways; Biological Monitoring; Wastewater Treatment
T10419,https://openalex.org/T10419,Pharmaceutical and Antibiotic Environmental Impacts,Pollution,Environmental Science,Physical Sciences,0,environment_biodiversity,0,Antibiotics; Resistance Genes; Wastewater Contaminants; Aquatic Environment; Pharmaceuticals; Environmental Impact; Microbial Communities; Removal Methods; Ecotoxicity; Horizontal Gene Transfer
T13804,https://openalex.org/T13804,Physical Activity and Education Research,Water Science and Technology,Environmental Science,Physical Sciences,1,environment_biodiversity,0,Recycled Water Use; Big Data Analysis; Renewable Energy; Internet of Things; Environmental Protection; Health Effects; Bioactive Compounds; Waste Management; Predictive Maintenance; Educational Technology
T14468,https://openalex.org/T14468,Plant Ecology and Soil Science,Ecology,Environmental Science,Physical Sciences,0,environment_biodiversity,0,Land Cover; Ecosystem; Water Resources; Soil Properties; Forest Management; Biodiversity; Climate Change; Remote Sensing; Vegetation Analysis; Sustainable Development
T11546,https://openalex.org/T11546,Plant Physiology and Cultivation Studies,Plant Science,Agricultural and Biological Sciences,Life Sciences,0,environment_biodiversity,0,Fruit Trees; Dormancy; Chilling Requirement; Rootstock; Carbohydrate Metabolism; Climate Change; Growth Regulation; Flowering; Orchard Management; Nutrient Uptake
T10266,https://openalex.org/T10266,Plant Water Relations and Carbon Dynamics,Global and Planetary Change,Environmental Science,Physical Sciences,0,environment_biodiversity,0,Drought; Tree Mortality; Climate Change; Ecosystem Resilience; Evapotranspiration; Carbon Balance; Hydraulic Conductance; Stomatal Response; Global Vegetation Models; Eddy Covariance
T10487,https://openalex.org/T10487,Plant and animal studies,"Ecology, Evolution, Behavior and Systematics",Agricultural and Biological Sciences,Life Sciences,0,environment_biodiversity,0,Pollinator Decline; Ecosystem Services; Plant-Animal Interactions; Biodiversity; Crop Pollination; Habitat Fragmentation; Mutualistic Networks; Global Change; Invasive Species; Climate Change
T13838,https://openalex.org/T13838,Plant and soil sciences,General Agricultural and Biological Sciences,Agricultural and Biological Sciences,Life Sciences,0,environment_biodiversity,0,Agroecology; Sustainable Agriculture; Organic Farming; Soil Management; Biodiversity; Crop Production; Environmental Impact; Climate Change Adaptation; Rural Communities; Food Security
T11760,https://openalex.org/T11760,Plant responses to elevated CO2,Plant Science,Agricultural and Biological Sciences,Life Sciences,0,environment_biodiversity,0,CO2 Enrichment; Ozone Effects; Plant Growth; Photosynthesis; Stomatal Conductance; Crop Yield; Climate Change; Nitrogen Assimilation; Particulate Pollution; Food Security
T12180,https://openalex.org/T12180,Polar Research and Ecology,Ecology,Environmental Science,Physical Sciences,0,environment_biodiversity,0,Antarctic; microorganisms; biodiversity; permafrost; glaciers; psychrophiles; climate change; ecology; biogeography; extremophiles
T12467,https://openalex.org/T12467,Rangeland Management and Livestock Ecology,"Management, Monitoring, Policy and Law",Environmental Science,Physical Sciences,0,environment_biodiversity,0,Rangeland Degradation; Pastoralists; Livelihoods; Ecological Knowledge; Climate Change; Sustainability; Land Management; Grassland; Herders; Adaptation
T13388,https://openalex.org/T13388,Rangeland and Wildlife Management,Ecology,Environmental Science,Physical Sciences,0,environment_biodiversity,0,Sagebrush; Ecosystem; Conservation; Invasive Species; Wildlife Habitat; Fire; Resilience; Biodiversity; Grazing; Climate Change
T13003,https://openalex.org/T13003,Regional Development and Environment,Sociology and Political Science,Social Sciences,Social Sciences,0,environment_biodiversity,0,Rural Revitalization; Agricultural Development; Economic Growth; Ecological Protection; Regional Planning; Social Support; Elderly Care; Sustainable Development; Innovation Management; Community Governance
T13059,https://openalex.org/T13059,"Religion, Ecology, and Ethics",Sociology and Political Science,Social Sciences,Social Sciences,0,environment_biodiversity,0,Religion; Environment; Climate Change; Ethics; Conservation; Sustainability; Christianity; Islam; Environmental Ethics; Public Perception
T13882,https://openalex.org/T13882,Research studies in Vietnam,Ecology,Environmental Science,Physical Sciences,0,environment_biodiversity,0,Set Pair Analysis; Fuzzy Mathematics; Water Quality Assessment; Urban Ecosystem Health; Entropy Method; Risk Assessment; Land Ecological Security; GIS-based Evaluation; Water Resources System; Hybrid Collaboration
T14069,https://openalex.org/T14069,Scientific Research Methodologies and Applications,Water Science and Technology,Environmental Science,Physical Sciences,1,environment_biodiversity,0,Water Treatment; Environmental Monitoring; Sustainability; Decision Trees; Neural Networks; Sensors; Climate Change; Agricultural Production; Remote Sensing; Data Analysis
T12682,https://openalex.org/T12682,Smart Materials for Construction,Pollution,Environmental Science,Physical Sciences,0,environment_biodiversity,0,Road Salt; Freshwater Salinization; Environmental Impact; Concrete Sensors; Carbon Nanotubes; Damage Detection; Electrical Resistance Measurement; Smart Structures; Environmental Monitoring; Water Quality
T13961,https://openalex.org/T13961,Socioeconomics of Resources and Conservation,Economics and Econometrics,"Economics, Econometrics and Finance",Social Sciences,0,environment_biodiversity,0,Conservation Reserve Program; Economic Impact; Biodiversity; Agricultural Sustainability; Environmental Policy; Rural Development; Sustainable Agriculture; Wildlife Conservation; Ecosystem Management; Resource Utilization
T10004,https://openalex.org/T10004,Soil Carbon and Nitrogen Dynamics,Soil Science,Agricultural and Biological Sciences,Life Sciences,0,environment_biodiversity,0,Soil Carbon Sequestration; Nitrogen Cycle; Microbial Communities; Climate Change; Biochar Application; Ecosystem Functioning; Soil Fertility; Organic Matter Dynamics; Nutrient Limitation; Global Biogeochemical Cycles
T13102,https://openalex.org/T13102,Soil and Environmental Studies,Soil Science,Agricultural and Biological Sciences,Life Sciences,0,environment_biodiversity,0,Soil Evolution; Paleosols; Environmental Reconstruction; Microbial Communities; Climate Dynamics; Agricultural Impact; Geoarchaeology; Desertification; Holocene Climate; Ecosystem Responses
T13058,https://openalex.org/T13058,Soil and Land Suitability Analysis,"Management, Monitoring, Policy and Law",Environmental Science,Physical Sciences,0,environment_biodiversity,0,GIS; Land Suitability; Multi-Criteria Analysis; Agricultural Land Use; Remote Sensing; AHP Technique; Sustainable Development; Soil Evaluation; Crop Suitability; Decision Support System
T11311,https://openalex.org/T11311,Soil and Water Nutrient Dynamics,Environmental Chemistry,Environmental Science,Physical Sciences,0,environment_biodiversity,0,Nutrient Cycling; Water Quality; Hyporheic Zone; Phosphorus Management; Nitrogen Dynamics; Stream Restoration; Agricultural Pollution; Riparian Buffers; Watershed Management; Eutrophication
T10895,https://openalex.org/T10895,Species Distribution and Climate Change,Ecological Modeling,Environmental Science,Physical Sciences,0,environment_biodiversity,0,Species Distribution Modeling; Climate Change; Ecological Niche; MaxEnt; Biodiversity; Citizen Science; Habitat Suitability; Model Evaluation; Range Shifts; Conservation Biology
T12361,https://openalex.org/T12361,Study of Mite Species,"Ecology, Evolution, Behavior and Systematics",Agricultural and Biological Sciences,Life Sciences,0,environment_biodiversity,0,Mites; Acariformes; Oribatida; Hydrachnidia; Phylogeny; Biodiversity; Parasitiformes; Biogeography; Taxonomy; Ecology
T11926,https://openalex.org/T11926,Subterranean biodiversity and taxonomy,Paleontology,Earth and Planetary Sciences,Physical Sciences,0,environment_biodiversity,0,Subterranean; Evolution; Biodiversity; Cavefish; Groundwater; Morphological Convergence; Genetic Analysis; Ecology; Adaptation; Phylogenetic
T12896,https://openalex.org/T12896,Sustainable Agricultural Systems Analysis,Environmental Chemistry,Environmental Science,Physical Sciences,0,environment_biodiversity,0,Agricultural Sustainability; Environmental Impact; Farm Level Assessment; Sustainability Indicators; Agri-environmental Systems; Multi-criteria Assessment; Livestock Farming; Sustainable Development; Integrated Assessment; Rural Planning
T12865,https://openalex.org/T12865,Tailings Management and Properties,Civil and Structural Engineering,Engineering,Physical Sciences,0,environment_biodiversity,0,Tailings Dams; Environmental Impacts; Cemented Paste Backfill; Sustainable Development; Disaster Risk Disclosure; Hydraulic Properties; Environmental Sustainability; Waste Management; Rheological Properties; Heavy Metal Contamination
T11755,https://openalex.org/T11755,Transboundary Water Resource Management,Sociology and Political Science,Social Sciences,Social Sciences,0,environment_biodiversity,0,Climate Change; Conflict; Water Resources; Transboundary Water; Security; Drought; Arid Regions; International Cooperation; Environmental Impact; Resource Scarcity
T12822,https://openalex.org/T12822,Turfgrass Adaptation and Management,Environmental Chemistry,Environmental Science,Physical Sciences,0,environment_biodiversity,0,Turfgrass; Biogeochemical Cycling; Nitrogen Leaching; Drought Resistance; Soil Temperatures; Fertilizer Management; Root Physiology; Water Quality; Heat Stress Tolerance; Biodiversity Conservation
T11656,https://openalex.org/T11656,Turtle Biology and Conservation,Nature and Landscape Conservation,Environmental Science,Physical Sciences,0,environment_biodiversity,0,Marine Turtles; Conservation; Bycatch; Satellite Tracking; Climate Change; Nesting Habitat; Population Dynamics; Sea-Level Rise; Thermal Conditions; Genetic Structure
T12253,https://openalex.org/T12253,Urban Agriculture and Sustainability,Plant Science,Agricultural and Biological Sciences,Life Sciences,0,environment_biodiversity,0,Urban Agriculture; Community Gardens; Food Security; Sustainability; Social Capital; Ecosystem Services; Health Promotion; Resilient Cities; Biodiversity Conservation; Local Food Production
T13801,https://openalex.org/T13801,Urban Arborization and Environmental Studies,"Management, Monitoring, Policy and Law",Environmental Science,Physical Sciences,0,environment_biodiversity,0,Arborization; Urban Forestry; Green Areas; Public Spaces; Environmental Quality; Biodiversity Conservation; Community Perception; Sustainable Urban Planning; Floristic Analysis; Geospatial Mapping
T10692,https://openalex.org/T10692,Urban Green Space and Health,"Health, Toxicology and Mutagenesis",Environmental Science,Physical Sciences,0,environment_biodiversity,0,Urban Green Space; Public Health; Environmental Justice; Nature Contact; Biodiversity Conservation; Mental Wellbeing; Ecosystem Services; Physical Activity; Stress Relief; Community Health
T13920,https://openalex.org/T13920,Urban Planning and Valuation,"Management, Monitoring, Policy and Law",Environmental Science,Physical Sciences,0,environment_biodiversity,0,Transferable Development Rights; Sustainability; Urban Regeneration; Public-Private Partnerships; Economic Evaluation; Cultural Heritage; Spatial Decision Support System; Multi-Criteria Analysis; Real Estate Market; Land Use
T11119,https://openalex.org/T11119,Urban Stormwater Management Solutions,Environmental Engineering,Environmental Science,Physical Sciences,0,environment_biodiversity,0,Urban Stormwater Management; Sustainable Drainage Systems; Low Impact Development Practices; Bioretention Technology; Urban Hydrology; Water Quality; Impervious Surfaces; Rainwater Harvesting; Pollutant Removal; Climate Change Impact
T11955,https://openalex.org/T11955,Urban and spatial planning,Nature and Landscape Conservation,Environmental Science,Physical Sciences,0,environment_biodiversity,0,Satoyama; landscape conservation; traditional agriculture; biodiversity; community participation; ecosystem management; sustainability; cultural landscape; vegetation management; urban fringe
T12670,https://openalex.org/T12670,"Urbanism, Landscape, and Tourism Studies",Cultural Studies,Social Sciences,Social Sciences,0,environment_biodiversity,0,Cultural Landscape; Tourism; Heritage; Territorial Development; Industrial Heritage; Rural Tourism; Historical Land Use; Community Engagement; Environmental Conservation; Geographical Perspectives
T10564,https://openalex.org/T10564,Wastewater Treatment and Nitrogen Removal,Pollution,Environmental Science,Physical Sciences,0,environment_biodiversity,0,Nitrogen-Cycling Network; Anammox Bacteria; Extracellular Polymeric Substances; Nitrifying Bacteria; Denitrifying Bacteria; Biological Phosphorus Removal; Activated Sludge; Wastewater Treatment; Nitrous Oxide Emission; Anaerobic Ammonium Oxidation
T12697,https://openalex.org/T12697,Water Quality Monitoring Technologies,Water Science and Technology,Environmental Science,Physical Sciences,1,environment_biodiversity,0,Water Quality Monitoring; Aquaculture; Sensor Networks; IoT; Computer Vision; Fish Behavior Analysis; Smart Sensors; Wireless Monitoring; Remote Sensing; Environmental Monitoring
T14249,https://openalex.org/T14249,Water Quality Monitoring and Analysis,Waste Management and Disposal,Environmental Science,Physical Sciences,1,environment_biodiversity,0,Wastewater; Monitoring; UV-VIS Spectroscopy; Chemical Oxygen Demand; Sensors; Machine Learning; Water Quality; Photocatalytic Sensor; Online Measurement; Environmental Analysis
T11634,https://openalex.org/T11634,Water Quality and Pollution Assessment,Water Science and Technology,Environmental Science,Physical Sciences,0,environment_biodiversity,0,Multivariate Statistical Techniques; Water Quality Index; Spatial and Temporal Variations; Land Use Impact; Principal Component Analysis; Groundwater Quality Assessment; Surface Water Pollution; Chemometric Analysis; Urbanization Effects; Environmental Impact
T12773,https://openalex.org/T12773,Water Quality and Resources Studies,Water Science and Technology,Environmental Science,Physical Sciences,0,environment_biodiversity,0,Water Quality; Hydrogeology; Groundwater; Sediment Analysis; Surface Water; Statistical Methods; Monitoring; Environmental Impact; Chemical Analysis; Data Reporting
T14177,https://openalex.org/T14177,Water Resources and Management,Ecology,Environmental Science,Physical Sciences,0,environment_biodiversity,0,Lake Baikal; ecological change; water quality; climate change; Selenga River Basin; biodiversity; sediment transport; nutrient emissions; land-use change; freshwater ecosystem
T13082,https://openalex.org/T13082,Water and Land Management,"Management, Monitoring, Policy and Law",Environmental Science,Physical Sciences,0,environment_biodiversity,0,Environmental Conservation; Sustainable Development; Soil Health; Garbage Enzyme; Zeolites; Land Reclamation; Water Management; Erosion Control; Biodiversity; Climate Change
T14252,https://openalex.org/T14252,Water and Wastewater Treatment,Computational Mechanics,Engineering,Physical Sciences,0,environment_biodiversity,0,Renewable Energy; Climate Change; Agricultural Technology; Nanomaterial Synthesis; Economic Impact; Genetic Diversity; Water Management; Innovation Ecosystem; Digital Economy; Environmental Sustainability
T14160,https://openalex.org/T14160,Water management and technologies,"Ecology, Evolution, Behavior and Systematics",Agricultural and Biological Sciences,Life Sciences,0,environment_biodiversity,0,Water Management; Ancient Civilizations; Qanats; Wastewater Management; Urban Water Supply; Historical Development; Arid Regions; Sustainable Management; Hydro-Technologies; Irrigation Systems
T10969,https://openalex.org/T10969,Water resources management and optimization,Ocean Engineering,Engineering,Physical Sciences,0,environment_biodiversity,0,Water Resources; Reservoir Operation; Water Demand; Climate Change; Sustainability; Hydro-Economic Models; Urbanization; System Dynamics; Robust Decision Making; Groundwater Management
T14359,https://openalex.org/T14359,Wetland Management and Conservation,Ocean Engineering,Engineering,Physical Sciences,1,environment_biodiversity,0,Unmanned Aerial Vehicles; Disaster Response; Remote Sensing; GIS; Environmental Management; Climate Change; Robotics; Wetland Conservation; Information Gathering; Community Preparedness
T10199,https://openalex.org/T10199,Wildlife Ecology and Conservation,Ecology,Environmental Science,Physical Sciences,0,environment_biodiversity,0,Occupancy Rates; Animal Movement; Trophic Cascades; Habitat Selection; Population Dynamics; Human-Wildlife Conflict; Camera Trapping; Conservation Management; Predation Risk; Global Biodiversity Loss
T12492,https://openalex.org/T12492,Zoonotic diseases and public health,"Public Health, Environmental and Occupational Health",Medicine,Health Sciences,0,environment_biodiversity,0,Zoonotic Diseases; One Health; Emerging Infectious Diseases; Biodiversity; Wildlife Health; Pandemic Prevention; Globalization; Ecosystem Change; Disease Emergence; Pathogen Transmission
T13647,https://openalex.org/T13647,AI and Big Data Applications,Information Systems,Computer Science,Physical Sciences,1,other_green,0,Artificial Intelligence; Internet of Things; Data Mining; Deep Learning; Wireless Sensor Networks; Big Data Analytics; Computer Network Security; Virtual Reality Technology; Cloud Computing; Smart City Technology
T14470,https://openalex.org/T14470,Advanced Data Processing Techniques,Control and Systems Engineering,Engineering,Physical Sciences,0,other_green,0,Redundant Transmission; Fuzzy Controller; Real-Time Systems; Cluster Architecture; Fault Tolerance; Simulation Modeling; Network Traffic Analysis; Cyber-Physical Systems; Energy Efficiency; Industrial Automation
T10148,https://openalex.org/T10148,Advanced MIMO Systems Optimization,Electrical and Electronic Engineering,Engineering,Physical Sciences,0,other_green,0,Massive MIMO; Cellular Networks; Interference Alignment; Device-to-Device Communication; Green Cellular Networks; Spectral Efficiency; Multiuser MIMO; Energy Efficiency; Heterogeneous Networks; Coordinated Multipoint
T10847,https://openalex.org/T10847,Advanced Optical Network Technologies,Electrical and Electronic Engineering,Engineering,Physical Sciences,0,other_green,0,Optical Networks; Elastic Optical Networks; Energy Efficiency; Wavelength Assignment; Traffic Grooming; Survivability; Spectrum Allocation; Green Networking; Network Resilience; Packet Switching
T13612,https://openalex.org/T13612,Advanced Scientific and Engineering Studies,Management Science and Operations Research,Decision Sciences,Social Sciences,1,other_green,0,Machine Learning; Remote Monitoring; Artificial Intelligence; Digital Technology; Healthcare Innovation; Environmental Impact; Urban-Rural Integration; Energy Efficiency; Robotics and Automation; Data Analysis
T11458,https://openalex.org/T11458,Advanced Wireless Communication Technologies,Electrical and Electronic Engineering,Engineering,Physical Sciences,0,other_green,0,Intelligent Reflecting Surfaces; Wireless Communication; Non-Orthogonal Multiple Access; Reconfigurable Intelligent Surfaces; 6G Networks; Beamforming Optimization; Channel Estimation; MIMO Systems; Energy Efficiency; Smart Radio Environments
T12204,https://openalex.org/T12204,African Education and Politics,Education,Social Sciences,Social Sciences,0,other_green,0,Education; Development; Nigeria; Information Technology; Youth Unemployment; Quality Assurance; Teacher Education; Sustainable Development; Gender Equality; Curriculum Development
T10877,https://openalex.org/T10877,Allergic Rhinitis and Sensitization,Immunology and Allergy,Medicine,Health Sciences,0,other_green,0,Allergen-specific Immunotherapy; Asthma; Pollen Allergy; T Regulatory Cells; Immunological Mechanisms; Sublingual Immunotherapy; House Dust Mite Allergens; Climate Change; Epidemiology; Quality of Life
T12432,https://openalex.org/T12432,Arctic and Russian Policy Studies,Sociology and Political Science,Social Sciences,Social Sciences,0,other_green,0,Arctic; Shipping; Governance; Northern Sea Route; Oil and Gas; Climate Change; International Relations; Sustainability; Maritime Transport; Geopolitics
T14174,https://openalex.org/T14174,Artificial Intelligence and Decision Support Systems,Information Systems,Computer Science,Physical Sciences,1,other_green,0,IoT; Machine Learning; Smart Cities; Health Monitoring; Blockchain Technology; Arduino; Data Analysis; Environmental Monitoring; Artificial Intelligence; Electric Vehicles
T13288,https://openalex.org/T13288,"Banking, Crisis Management, COVID-19 Impact",General Agricultural and Biological Sciences,Agricultural and Biological Sciences,Life Sciences,0,other_green,0,Agricultural Innovation; Economic Security; Environmental Protection; Financial Stability; Sustainable Development; Crisis Management; Enterprise Management; Regional Development; COVID-19 Impact; Resource Allocation
T13341,https://openalex.org/T13341,Belt Conveyor Systems Engineering,Mechanical Engineering,Engineering,Physical Sciences,0,other_green,0,Belt Conveyors; Energy Efficiency; Failure Analysis; Machine Vision; Optimization; Conveyor Belt Damage; Speed Control; Predictive Maintenance; Material Characterization; Multi-Motor Drives
T13949,https://openalex.org/T13949,Belt and Road Initiative,Economics and Econometrics,"Economics, Econometrics and Finance",Social Sciences,0,other_green,0,China-Pakistan Economic Corridor; Sustainable Development; Infrastructure Development; Energy Security; Environmental Impact Assessment; Belt and Road Initiative; Regional Integration; Social Well-being; Transport Infrastructure; Geopolitics
T14347,https://openalex.org/T14347,Big Data and Digital Economy,Information Systems,Computer Science,Physical Sciences,1,other_green,0,Big Data; Cloud Computing; Security; Energy Efficiency; Machine Learning; IoT; Privacy Protection; Resource Allocation; Cybersecurity; Mobile Sensing
T12926,https://openalex.org/T12926,Business Strategies and Management Research,Management Science and Operations Research,Decision Sciences,Social Sciences,0,other_green,0,Research Methods; Qualitative Research; Quantitative Research; Leadership; Social Science; Data Collection; Sampling Techniques; Philosophical Pluralism; Knowledge Management; Innovation
T11976,https://openalex.org/T11976,Capital Investment and Risk Analysis,Finance,"Economics, Econometrics and Finance",Social Sciences,0,other_green,0,Real Options; Investment Under Uncertainty; Strategic Decision Making; R&D Competition; Renewable Energy Investments; Information Technology Risk Management; Capital Budgeting; Technology Adoption; Project Evaluation; Game Theory
T13754,https://openalex.org/T13754,Central European and Russian historical studies,Political Science and International Relations,Social Sciences,Social Sciences,0,other_green,0,Central Europe; Visegrad Group; Geopolitics; Sociology; Cultural Diplomacy; Soft Power; Migration Policy; Historical Legacy; Sustainable Development Goals; National Identity
T14215,https://openalex.org/T14215,Chemical and Environmental Engineering Research,Information Systems,Computer Science,Physical Sciences,0,other_green,0,Laboratory Information Management Systems; Chemical Engineering; Water Purification; Environmental Analysis; Renewable Energy; Heat Transfer; Biomedical Science; Process Technology; Navigation System; Risk Management
T13031,https://openalex.org/T13031,Civil and Structural Engineering Research,Civil and Structural Engineering,Engineering,Physical Sciences,0,other_green,0,Civil Engineering; Construction; Structural Health Monitoring; Bridge Engineering; Geotechnical Design; Material Properties; Historical Analysis; Sustainable Development; Concrete Technology; Infrastructure Maintenance
T10101,https://openalex.org/T10101,Cloud Computing and Resource Management,Information Systems,Computer Science,Physical Sciences,1,other_green,0,Cloud Computing; Big Data; MapReduce; Virtualization; Data Centers; Resource Management; Hadoop; Distributed Systems; Energy Efficiency; Scalability
T14464,https://openalex.org/T14464,Community Development and Social Impact,Finance,"Economics, Econometrics and Finance",Social Sciences,0,other_green,0,Impact Investing; Social Impact Bonds; Finance; Social Finance; Investment; Policy; Outcomes Measurement; Philanthropy; Marketization; Sustainable Development
T14243,https://openalex.org/T14243,Creative Drama in Education,Visual Arts and Performing Arts,Arts and Humanities,Social Sciences,0,other_green,0,Creative Drama; Education; Qualitative Research; Social Skills; Student Achievement; Teaching Method; Sustainable Development Goals; Content Analysis; Coastal Areas; Bangladesh
T11846,https://openalex.org/T11846,Cultural Heritage Management and Preservation,Archeology,Arts and Humanities,Social Sciences,0,other_green,0,Adaptive Reuse; Intangible Heritage; Sustainable Development; Community Participation; Heritage Conservation; Urban Development; UNESCO World Heritage; Cultural Sustainability; Historic Buildings; Social Value
T12958,https://openalex.org/T12958,Digital Economy and Transformation,Strategy and Management,"Business, Management and Accounting",Social Sciences,0,other_green,0,Digital Transformation; Sustainable Development Goals; Economic Performance; Innovation Networks; Global Competitiveness; Knowledge Management; Industrial Policy; Human Capital Management; Entrepreneurial Leadership; Social Media and Politics
T12885,https://openalex.org/T12885,Digital Innovation in Industries,Management of Technology and Innovation,"Business, Management and Accounting",Social Sciences,1,other_green,0,Digital Transformation; Business Models; Artificial Intelligence; Customer Experience; Technology Innovation; Big Data; E-commerce; Mobile Health; Omni-Channel Strategy; Sustainable Development
T13475,https://openalex.org/T13475,Digital Transformation in Law,"General Economics, Econometrics and Finance","Economics, Econometrics and Finance",Social Sciences,1,other_green,0,Digital Economy; Legal Regulation; Genetic Information; Artificial Intelligence; Energy Efficiency; Blockchain Technology; Socio-Economic Inequality; Smart Contracts; Information Security; Innovation Development
T12879,https://openalex.org/T12879,Distributed Sensor Networks and Detection Algorithms,Computer Networks and Communications,Computer Science,Physical Sciences,1,other_green,0,Distributed Detection; Wireless Sensor Networks; Decentralized Estimation; Quantization; Channel-Aware Fusion; Energy Efficiency; Byzantine Attacks; Optimal Power Allocation; Cooperative Routing; Sparsity-Aware Selection
T13751,https://openalex.org/T13751,Diverse Approaches in Healthcare and Education Studies,"Public Health, Environmental and Occupational Health",Medicine,Health Sciences,0,other_green,0,Nursing; Research Trends; Health Care; Analysis; Social Network Analysis; Structural Equation Modeling; Qualitative Research; Semantic Network Analysis; Text Mining; Greenhouse Gas Inventory
T14145,https://openalex.org/T14145,Diverse Cultural Media Analysis,Media Technology,Engineering,Physical Sciences,1,other_green,0,Smart Refrigerator; IoT; PDCA Cycle; Inventory Management; Healthcare Management; RFID Technology; Food Management; Machine Learning; User Acceptance; Energy Efficiency
T13227,https://openalex.org/T13227,Diverse Global Economic and Educational Challenges,Economics and Econometrics,"Economics, Econometrics and Finance",Social Sciences,0,other_green,0,Sustainable Development; Economic Growth; Education; Innovation; Wooden Furniture Industry; Globalization; Employability Skills; Environmental Sustainability; Knowledge Society; Social Justice
T14073,https://openalex.org/T14073,Diverse Global Research Studies,Sociology and Political Science,Social Sciences,Social Sciences,0,other_green,0,Water Crisis; Social Inequality; Global Development; Environmental Policy; Health Impact; Economic Reforms; Human Rights Law; Climate Change; International Cooperation; Socioeconomic Disparities
T13290,https://openalex.org/T13290,Diverse Industrial Engineering Technologies,Industrial and Manufacturing Engineering,Engineering,Physical Sciences,0,other_green,0,Industrial Engineering; Technology Development; Manufacturing Processes; Energy Efficiency; Metallurgical Processes; Material Science; Process Optimization; Mechanical Modeling; Quality Control; Sustainable Production
T14491,https://openalex.org/T14491,Diverse academic and cultural studies,Economics and Econometrics,"Economics, Econometrics and Finance",Social Sciences,0,other_green,0,Knowledge Economy; Innovation; Territorial Marketing; Industrial Districts; Cultural Heritage; Sustainable Development; Globalization; Small and Medium Enterprises; Social Responsibility; Art and Design
T13825,https://openalex.org/T13825,Economic Policies and Impacts,Economics and Econometrics,"Economics, Econometrics and Finance",Social Sciences,0,other_green,0,Tax Competition; Fiscal Decentralization; Monetary Policy Transmission; Labor Market Flexibility; International Trade; Climate Change Policy; Pension Reforms; Regulatory Risk; Immigration Policies; Public Goods Provision
T13473,https://openalex.org/T13473,Economic Zones and Regional Development,"General Economics, Econometrics and Finance","Economics, Econometrics and Finance",Social Sciences,0,other_green,0,Special Economic Zones; Export Processing Zones; Economic Impact; Regional Development; Industrial Clusters; Global Trade; Ethnic Diversity; Sustainable Development; FDI Attraction; Labor Conditions
T14129,https://openalex.org/T14129,Economic and Business Studies,Economics and Econometrics,"Economics, Econometrics and Finance",Social Sciences,0,other_green,0,Globalization; Economic Policy; Public Health; COVID-19; International Trade; Leadership; Financial Stability; Regional Development; Organizational Economics; Sustainable Development
T12667,https://openalex.org/T12667,Economic and Technological Developments in Russia,Development,Social Sciences,Social Sciences,0,other_green,0,Economic Development; Innovation; Climate Change; Global Economy; Russian Economy; Digital Transformation; Sustainable Development; Knowledge Clusters; Regional Development; Macroeconomic Assessment
T14087,https://openalex.org/T14087,"Economic, Educational, Environmental and Organizational Development",General Social Sciences,Social Sciences,Social Sciences,0,other_green,0,Research Methods; Health Sciences; Urban Landscapes; Sustainability Economics; Nutrition and Lifestyle; Climate Change; Educational Technology; Financial Reporting; Cultural Studies; Globalization Effects
T14112,https://openalex.org/T14112,"Economic, financial, and policy analysis","General Economics, Econometrics and Finance","Economics, Econometrics and Finance",Social Sciences,0,other_green,0,Globalization; Financial Crisis; Economic Policy; Development Studies; Monetary Policy; Trade Regulation; Sustainable Development; Institutional Reform; Banking Regulation; International Trade
T10909,https://openalex.org/T10909,Edible Oils Quality and Analysis,Organic Chemistry,Chemistry,Physical Sciences,0,other_green,0,Olive Oil; Antioxidant Activity; Phenolic Compounds; Health Effects; Oxidative Stability; Fatty Acids; Polyphenols; Extraction Methods; Biological Activities; Waste Management
T13932,https://openalex.org/T13932,"Education, Technology, and Economics",Information Systems,Computer Science,Physical Sciences,1,other_green,0,Digital Economy; Knowledge Management; Information Technology; E-commerce; Big Data; Education; Sustainable Development; Innovation; Social Science Research; Human Rights
T14462,https://openalex.org/T14462,Educational Methods and Impacts,Education,Social Sciences,Social Sciences,0,other_green,0,Digital Parenting; Appropriate Technology; Gadget Usage; Social Interaction; Media Literacy; Child Development; Remote Sensing; Community Empowerment; Educational Technology; Sustainable Development
T13386,https://openalex.org/T13386,Educational Methods and Teacher Development,Information Systems,Computer Science,Physical Sciences,0,other_green,0,Education; Technology; Innovation; Pedagogy; Digital Literacy; Online Learning; Curriculum Design; Teacher Training; Cognitive Development; Sustainable Development
T14227,https://openalex.org/T14227,Educational Practices and Challenges,Education,Social Sciences,Social Sciences,0,other_green,0,Education; Innovation; Sustainable Development; Teacher Professional Development; Cultural Diversity; Digital Learning; Inclusive Education; Entrepreneurship in Education; Global Citizenship Education; Social Studies
T10357,https://openalex.org/T10357,Efficiency Analysis Using DEA,Management Science and Operations Research,Decision Sciences,Social Sciences,0,other_green,0,Data Envelopment Analysis; Efficiency Measurement; Productivity Growth; Environmental Efficiency; DEA Models; Technical Efficiency; Energy Efficiency; Banking Efficiency; Non-parametric Frontier Models; DEA Applications
T12737,https://openalex.org/T12737,Electrical Fault Detection and Protection,Electrical and Electronic Engineering,Engineering,Physical Sciences,1,other_green,0,Arc Fault; Detection; Localization; Electrical Systems; Reflectometry; Photovoltaic Systems; Time-Domain Analysis; Series Faults; Wire Diagnosis; Aircraft Wiring
T14011,https://openalex.org/T14011,Elevator Systems and Control,Control and Systems Engineering,Engineering,Physical Sciences,0,other_green,0,Elevator; Traffic Control; Group Scheduling; Energy Efficiency; Simulation; Genetic Algorithm; Fuzzy Logic; Escalator Injuries; Supervisory Control; IoT Technology
T14450,https://openalex.org/T14450,Employee Welfare and Language Studies,Organizational Behavior and Human Resource Management,"Business, Management and Accounting",Social Sciences,0,other_green,0,Employee Welfare; Labour Market; Workforce Performance; Social Entrepreneurship; Sustainable Development; Language Development; Second Language Acquisition; Environmental Sustainability; Global Economic Crisis; Family Structure
T10080,https://openalex.org/T10080,Energy Efficient Wireless Sensor Networks,Computer Networks and Communications,Computer Science,Physical Sciences,1,other_green,0,Wireless Sensor Networks; Energy-Efficient Protocols; Routing Techniques; Clustering Algorithms; Data Aggregation; Coverage and Connectivity; Mobile Sensor Deployment; MAC Protocols; Environmental Monitoring; Healthcare Applications
T13985,https://openalex.org/T13985,Enterprise Management and Information Systems,Management of Technology and Innovation,"Business, Management and Accounting",Social Sciences,0,other_green,0,Innovation; Management; Economic Development; Information Technology; Sustainable Development; Entrepreneurship; Knowledge Management; Investment; Human Resources; Regional Integration
T13722,https://openalex.org/T13722,Ergonomics and Human Factors,Biomedical Engineering,Engineering,Physical Sciences,0,other_green,0,Ergonomics; Sustainability; Human Factors; Green Ergonomics; Work Systems; Sustainable Development; Environmental Technology; Agent-Based Simulation; Digitalization; Polymer Coatings
T13514,https://openalex.org/T13514,Experience-Based Knowledge Management,Artificial Intelligence,Computer Science,Physical Sciences,1,other_green,0,Decisional DNA; Set of Experience Knowledge Structure; Ontology System; Renewable Energy Sources; International Standards; Internet of Things; Cognitive Vision Systems; Information Technology; Semantic-based Academic Social Network; Environmental Management
T14083,https://openalex.org/T14083,Extremum Seeking Control Systems,Control and Systems Engineering,Engineering,Physical Sciences,0,other_green,0,Extremum Seeking; Nonlinear Control; Adaptive Control; Stochastic Optimization; Dynamic Systems; Feedback Control; Parameter Estimation; Real-time Optimization; Multivariable Control; Source Seeking
T11664,https://openalex.org/T11664,Fiber-reinforced polymer composites,Mechanical Engineering,Engineering,Physical Sciences,0,other_green,0,Carbon Fiber; Recycling; Composite Materials; Polymer Composites; Interfacial Properties; Thermal Treatment; Graphene Oxide; Mechanical Properties; Environmental Impact; Pyrolysis
T14026,https://openalex.org/T14026,Flannery O'Connor and Thomas Merton,Organizational Behavior and Human Resource Management,"Business, Management and Accounting",Social Sciences,0,other_green,0,Business; Peace; Conflict Management; Corporate Citizenship; Sustainable Development; Global Governance; Entrepreneurship; Corporate Responsibility; Local Business; Peacebuilding
T10650,https://openalex.org/T10650,Food Drying and Modeling,Food Science,Agricultural and Biological Sciences,Life Sciences,0,other_green,0,Drying; Dehydration; Food; Kinetics; Modeling; Microwave; Quality; Solar; Ultrasound; Kinetic Models
T10956,https://openalex.org/T10956,Fullerene Chemistry and Applications,Organic Chemistry,Chemistry,Physical Sciences,0,other_green,0,Fullerenes; Endohedral Fullerenes; Photosensitization; Nanoscience; Photovoltaic Devices; Molecular Systems; Electron Transfer; Biomedical Applications; Supramolecular Chemistry; Carbon Nanotubes
T13306,https://openalex.org/T13306,Geography and Education Methods,Sociology and Political Science,Social Sciences,Social Sciences,0,other_green,0,Feminist Geographies; Gender Identity; Geography Education; Social Movements; Critical Literacy; Globalization; Sustainable Development; Cultural Geography; Pedagogy; Territoriality
T14501,https://openalex.org/T14501,Global Economic and Social Development,Economics and Econometrics,"Economics, Econometrics and Finance",Social Sciences,0,other_green,0,Inclusive Development; Economic Growth; Public-Private Partnership; Sustainable Development; Regional Policy; Agricultural Sector; Globalization; Social Inequality; Financial Stability; Entrepreneurship
T13789,https://openalex.org/T13789,Global Education Systems and Policies,Education,Social Sciences,Social Sciences,0,other_green,0,Higher Education; Lifelong Learning; Education Reform; E-Learning; Globalization; Sustainable Development; Teacher Training; Knowledge Economy; Inclusive Education; Policy and Practice
T14349,https://openalex.org/T14349,Global Political and Economic Relations,Political Science and International Relations,Social Sciences,Social Sciences,0,other_green,0,Eurasian Economic Union; Global Trade; Geopolitics; International Relations; High-Tech Sector; Belt and Road Initiative; Regional Integration; Economic Security; Digital Economy; Sustainable Development
T14213,https://openalex.org/T14213,Global Politics and Economy,Economics and Econometrics,"Economics, Econometrics and Finance",Social Sciences,0,other_green,0,Global Competitiveness; Innovation; Knowledge Management; Logistics Performance; Economic Development; Information Technology; Infrastructure Investment; Research and Development; Sustainable Development; International Trade
T12428,https://openalex.org/T12428,Global Trade and Competitiveness,Strategy and Management,"Business, Management and Accounting",Social Sciences,0,other_green,0,Competitiveness Indices; Revealed Comparative Advantage; Global Competitiveness Report; Regional Development Policy; International Specialization; Sustainable Development; Firm Competitiveness; Trade Patterns; Michael Porter's Framework; National Productivity
T13757,https://openalex.org/T13757,Graphic Design and Typography,History and Philosophy of Science,Arts and Humanities,Social Sciences,0,other_green,0,Interdisciplinary Research; Qualitative Research; Graphic Design; Leadership; Semiconductors; Environmentalism; Renewable Energy; Innovation Capability; Supply Chain Management; Art Theory
T13297,https://openalex.org/T13297,History and advancements in chemistry,Physical and Theoretical Chemistry,Chemistry,Physical Sciences,0,other_green,0,Partially Ordered Sets; Periodic Table; Chemical Substances; Multi-Criteria Analysis; Environmental Health; Quantitative Superstructure/Activity Relationships; Sustainable Development Goals; Decision Support; Lanthanides; QSAR
T11796,https://openalex.org/T11796,Horticultural and Viticultural Research,Plant Science,Agricultural and Biological Sciences,Life Sciences,0,other_green,0,Grapevine; Genetics; Climate Change; Wine Quality; Anthocyanins; Water Deficit; Transcriptome Analysis; Viticulture; Terroir; Grape Berry Ripening
T13035,https://openalex.org/T13035,Human Rights and Development,Sociology and Political Science,Social Sciences,Social Sciences,0,other_green,0,Human Rights; Development; Global Governance; Millennium Development Goals; Social Inequality; Indicators; Sustainable Development Goals; Aid and Development; Rights-Based Approach; International Cooperation
T13448,https://openalex.org/T13448,Indigenous Cultures and Socio-Education,Cultural Studies,Social Sciences,Social Sciences,0,other_green,0,Intercultural Education; Indigenous Knowledge Systems; Cultural Variation; Learning by Observing; Community Endeavors; Mayan Children; Sociocultural Perspective; Cultural Practices; Collaborative Work; Sustainable Development Goals
T13344,https://openalex.org/T13344,Industrial Automation and Control Systems,Control and Systems Engineering,Engineering,Physical Sciences,0,other_green,0,Programmable Logic Controllers; SCADA; Automation; OPC Technology; Industrial Control; Monitoring System; Wireless Communication; Machine Vision; Remote Control; Waste Recycling
T14091,https://openalex.org/T14091,Industrial and Mining Safety,"Safety, Risk, Reliability and Quality",Engineering,Physical Sciences,0,other_green,0,Occupational Health; Safety Management; Risk Assessment; Work Environments; Explosion Risk; Renewable Energy; Environmental Pollution; Mining Hazards; Quality Management; Sustainable Development
T12786,https://openalex.org/T12786,Innovation and Socioeconomic Development,Business and International Management,"Business, Management and Accounting",Social Sciences,0,other_green,0,Frugal Innovation; Emerging Markets; Bottom of the Pyramid; Inclusive Business; Sustainability; Poverty Alleviation; Entrepreneurship; Market Creation; Social Impact; Inclusive Innovation
T14389,https://openalex.org/T14389,"Innovation, Technology, and Society",Sociology and Political Science,Social Sciences,Social Sciences,0,other_green,0,Social Innovation; Interdisciplinary Research; Innovation Policy; Sustainable Development; Knowledge Engineering; Digital Social Innovation; Organizational Innovation; Empowerment; Urban Development; Innovation Theory
T13016,https://openalex.org/T13016,Innovative Educational Technologies,Information Systems,Computer Science,Physical Sciences,1,other_green,0,Cloud Computing; Distance Learning; Digital Literacy; STEM Education; Adaptive Learning; Sustainable Development; ICT Integration; Online Learning; Educational Technology; Teacher Training
T12079,https://openalex.org/T12079,IoT Networks and Protocols,Electrical and Electronic Engineering,Engineering,Physical Sciences,1,other_green,0,LPWAN; IoT; LoRa; NB-IoT; M2M Communications; 5G Networks; Wireless Communication; Network Scalability; Random Access Protocols; Energy Efficiency
T13743,https://openalex.org/T13743,Italian Literature and Culture,General Arts and Humanities,Arts and Humanities,Social Sciences,0,other_green,0,Cultural Studies; Innovation; Architectural Competitions; Climate Change; Media and Communication; Identity; Urban Planning; Literature; Ethnobotany; Emotional Intelligence
T13411,https://openalex.org/T13411,Labor Market and Education,Economics and Econometrics,"Economics, Econometrics and Finance",Social Sciences,0,other_green,0,Economic Development; Innovation; Digital Transformation; Labor Migration; Social Security; Regional Markets; Financial Security; Sustainable Development; Marketing Strategy; Human Capital
T12751,https://openalex.org/T12751,Leadership and Management in Organizations,Strategy and Management,"Business, Management and Accounting",Social Sciences,0,other_green,0,Leadership; Management; Strategic Management; Organizational Development; Change Management; Performance Improvement; Corporate Culture; Sustainable Development; Competitive Advantage; Employee Engagement
T13945,https://openalex.org/T13945,"Legal, Health, Environmental and COVID-19 Challenges","Public Health, Environmental and Occupational Health",Medicine,Health Sciences,0,other_green,0,COVID-19; pandemic diseases; healthcare system; vaccination; planetary health; digital health; human rights; epidemiology; global security; sustainable development
T14219,https://openalex.org/T14219,Local Economic Development and Planning,Political Science and International Relations,Social Sciences,Social Sciences,0,other_green,0,South Africa; local economic development; policy; regional; urban; sustainable development; rural; employment; community-based; spatial development
T13285,https://openalex.org/T13285,Local Governance and Development,"Geography, Planning and Development",Social Sciences,Social Sciences,0,other_green,0,Village Fund; Local Government; Rural Development; Community Empowerment; Sustainable Development Goals; Village-Owned Enterprises; Financial Accountability; Economic Independence; Social Innovation; Digital Inequalities
T10363,https://openalex.org/T10363,Low-power high-performance VLSI design,Electrical and Electronic Engineering,Engineering,Physical Sciences,0,other_green,0,Low-Power; VLSI Circuits; Approximate Computing; Subthreshold Operation; Leakage Reduction; Process Variation; Statistical Timing Analysis; Energy Efficiency; CMOS Technology; Nanometer Scale
T14477,https://openalex.org/T14477,"Management, Economics, and Public Policy",Marketing,"Business, Management and Accounting",Social Sciences,0,other_green,0,Global Networks; Corporate Responsibility; Intangible Assets; Market Orientation; Brand Equity; Strategic Marketing; Corporate Governance; Sustainable Development; Innovation and Imitation; Network Culture
T13685,https://openalex.org/T13685,Material Science and Thermodynamics,Mechanical Engineering,Engineering,Physical Sciences,0,other_green,0,Railway Bridges; Structural-Phase Transformations; High-Frequency Vibrations; Thermoelectric Properties; Rolling Stock; Track Component Failure; Nanowaste Treatment; Energy Efficiency; Dynamic Behavior Modeling; Heat Distribution
T10932,https://openalex.org/T10932,Microbial Metabolic Engineering and Bioproduction,Molecular Biology,"Biochemistry, Genetics and Molecular Biology",Life Sciences,0,other_green,0,Metabolic Engineering; Genome-Scale Models; Constraint-Based Models; Biofuel Production; Microbial Metabolism; Pathway Reconstruction; Flux Balance Analysis; Biorefineries; Synthetic Biology; Enzyme Database
T12270,https://openalex.org/T12270,Microwave-Assisted Synthesis and Applications,Organic Chemistry,Chemistry,Physical Sciences,0,other_green,0,Microwave Chemistry; Organic Synthesis; Nonthermal Effects; Nanomaterials Synthesis; Material Processing; Dielectric Heating; Green Chemistry; Drug Discovery; Heterogeneous Catalysis; Energy Efficiency
T12282,https://openalex.org/T12282,Mineral Processing and Grinding,Mechanical Engineering,Engineering,Physical Sciences,1,other_green,0,Comminution; Mineral Liberation Analysis; Grinding Circuits; Particle Size Distribution; DEM Modelling; Energy Efficiency; Stirred Media Mills; High Voltage Pulses; Ore Sorting; Machine Learning
T10886,https://openalex.org/T10886,Multiferroics and related materials,"Electronic, Optical and Magnetic Materials",Materials Science,Physical Sciences,0,other_green,0,Multiferroic; Magnetoelectric; Thin Films; Ferroelectricity; Perovskite Oxides; Spin Current; Magnetic Control; Photovoltaic Effect; Domain Walls; Room Temperature
T13923,https://openalex.org/T13923,Nuclear and radioactivity studies,"Safety, Risk, Reliability and Quality",Engineering,Physical Sciences,0,other_green,0,Nuclear Fuel; Radiation Protection; Spent Fuel; Transport Cask; Radioactive Waste Management; Safety Analysis; Finite Element Analysis; Spacer Grid; Impact Loading; Regulatory Requirements
T13925,https://openalex.org/T13925,Offshore Engineering and Technologies,Ocean Engineering,Engineering,Physical Sciences,0,other_green,0,Subsea; Oil and Gas; Technology; Flow Assurance; Renewable Energy; Valves; Deepwater; Compression; Heating Systems; Risers
T13659,https://openalex.org/T13659,Ombudsman and Human Rights,Sociology and Political Science,Social Sciences,Social Sciences,0,other_green,0,National Human Rights Institutions; Global Governance; Administrative Law; Good Administration; Civil Society Engagement; Human Rights Protection; Judicial Review; International Law; Ombudsman Institution; Sustainable Development
T12709,https://openalex.org/T12709,Optimization and Mathematical Programming,Control and Systems Engineering,Engineering,Physical Sciences,0,other_green,0,Fuzzy Goal Programming; Aggregate Production Planning; Multi-Objective Optimization; Fixed Charge Transportation Problem; Genetic Algorithm; Linear Fractional Programming; Intuitionistic Fuzzy; Supply Chain Management; Sustainable Development; Metaheuristic Algorithms
T12052,https://openalex.org/T12052,Polish socio-economic development,Economics and Econometrics,"Economics, Econometrics and Finance",Social Sciences,0,other_green,0,Innovation; Regional Development; Cluster Policies; Knowledge Economy; Competitiveness; Innovative Strategy; Industrial Restructuring; Globalization; Sustainable Development; European Union
T13598,https://openalex.org/T13598,Political Developments and Conflicts,Political Science and International Relations,Social Sciences,Social Sciences,0,other_green,0,Global Governance; Pluralism; International Relations; Policy Implementation; Sustainable Development; Religious Harmony; Energy Transitions; Digital Transformation; Election Law; Cultural Identity
T10389,https://openalex.org/T10389,Polymer crystallization and properties,Polymers and Plastics,Materials Science,Physical Sciences,0,other_green,0,Polymer Crystallization; Polymer Blends; Nanoparticles; Recycling; Mechanical Properties; Morphology Development; Rheology; Conducting Polymers; Crystallization Kinetics; Chemical Recycling
T11053,https://openalex.org/T11053,Process Optimization and Integration,Control and Systems Engineering,Engineering,Physical Sciences,0,other_green,0,Optimization; Process Intensification; Scheduling; Distillation; Supply Chain; Uncertainty; Mathematical Programming; Energy Efficiency; Water Network Synthesis; Sustainability Metrics
T13357,https://openalex.org/T13357,Property Rights and Legal Doctrine,Law,Social Sciences,Social Sciences,0,other_green,0,Eminent Domain; Property Rights; Compensation; Land Acquisition; Government Takings; Urban Renewal; Legal Institutions; Climate Change Adaptation; Market Value; Public Use
T12687,https://openalex.org/T12687,Public Administration in Developing Nations,Political Science and International Relations,Social Sciences,Social Sciences,0,other_green,0,Public Policy; Policy Implementation; Community Empowerment; Social Welfare; Government Reform; Service Quality; Local Governance; E-Government; Sustainable Development; Social Justice
T14440,https://openalex.org/T14440,Quality of Life Measurement,Sociology and Political Science,Social Sciences,Social Sciences,0,other_green,0,Europe 2020 Strategy; Quality of Life; Sustainable Development; Synthetic Indicators; Social Welfare; Knowledge-based Economy; Environmental Quality Index; Climate Change; Institutional Analysis; Maternal and Child Health
T10973,https://openalex.org/T10973,Radioactive element chemistry and processing,Inorganic Chemistry,Chemistry,Physical Sciences,0,other_green,0,Actinides; Uranium; Lanthanides; Extraction; Sorption; Bioremediation; Complexation; Adsorption; Nuclear Waste; Coordination Chemistry
T13407,https://openalex.org/T13407,Regional Development and Management Studies,Economics and Econometrics,"Economics, Econometrics and Finance",Social Sciences,0,other_green,0,Sustainable Development; Economic Growth; Rural Tourism; Agricultural Sustainability; Small and Medium Enterprises; Regional Development; Organizational Culture; Leadership Emergence; Financial Performance; Innovation Management
T13384,https://openalex.org/T13384,Regional Economic Development and Innovation,Strategy and Management,"Business, Management and Accounting",Social Sciences,0,other_green,0,Strategizing; Regional Development; Innovation Ecosystems; Sustainable Development; Digital Transformation; Vocational Education; Economic Growth; Industrial Sustainability; Globalization; Leadership
T13186,https://openalex.org/T13186,Russia and Soviet political economy,Political Science and International Relations,Social Sciences,Social Sciences,0,other_green,0,Russia; Economy; Transition; Capitalism; Environment; Climate Change; Barter; Globalization; Oil Industry; Political Economy
T11754,https://openalex.org/T11754,SARS-CoV-2 detection and testing,Infectious Diseases,Medicine,Health Sciences,0,other_green,0,COVID-19; diagnostics; SARS-CoV-2; wastewater surveillance; RT-PCR; antigen testing; viral load; saliva testing; nasopharyngeal swab; biosensors
T10551,https://openalex.org/T10551,Scheduling and Optimization Algorithms,Industrial and Manufacturing Engineering,Engineering,Physical Sciences,0,other_green,0,Scheduling; Manufacturing; Flexible Job-shop; Genetic Algorithm; Agent-based Control; Energy-efficient; Hybrid Optimization; Flowshop Sequencing; Dynamic Scheduling; Multi-objective
T13492,https://openalex.org/T13492,"Science, Technology, and Education in Latin America",Demography,Social Sciences,Social Sciences,0,other_green,0,Latin American Universities; Technology and Innovation; University-Industry Relationships; Social Impact of Science; Global Knowledge Networks; Sustainable Development; Science and Society Studies; Inequality and Innovation; Knowledge Transfer; Higher Education Policies
T13693,https://openalex.org/T13693,Smart Systems and Machine Learning,Computer Networks and Communications,Computer Science,Physical Sciences,1,other_green,0,Cognitive Radio Networks; Machine Learning; Spectrum Handovers; Smart Farming; Urban Sustainability; IoT; Security Techniques; Wireless Sensor Networks; Energy Efficiency; Social Awareness
T14473,https://openalex.org/T14473,Social and Economic Development in India,Sociology and Political Science,Social Sciences,Social Sciences,0,other_green,0,Decentralization; Kerala; India; Sustainable Development; Economic Reforms; Gender Bias; Agricultural Livelihoods; Social Security; Rural Economy; Community Empowerment
T14019,https://openalex.org/T14019,Socioeconomic and Demographic Analysis,"Management, Monitoring, Policy and Law",Environmental Science,Physical Sciences,0,other_green,0,Sustainable Development; Information Technology; Regional Policy; Human Capital; Economic Security; Social Inequality; Knowledge Management; Environmental Sustainability; Digital Transformation; Population Welfare
T13956,https://openalex.org/T13956,Sociopolitical Dynamics in Nepal,Demography,Social Sciences,Social Sciences,0,other_green,0,Youth Employment; Globalization; Identity Politics; Conflict; Education; Poverty; Social Inequality; Maoist Insurgency; Climate Change; Democratization
T11474,https://openalex.org/T11474,Sport and Mega-Event Impacts,Sociology and Political Science,Social Sciences,Social Sciences,0,other_green,0,Mega Events; Sport Tourism; Social Impacts; Destination Branding; Community Development; Economic Impact; Festival Management; Sustainable Development; Sport for Development; Urban Regeneration
T14351,https://openalex.org/T14351,Statistical and Computational Modeling,Artificial Intelligence,Computer Science,Physical Sciences,1,other_green,0,Inductive Modeling; GMDH-type Neural Networks; Interval Models; Environmental Monitoring; Artificial Bee Colony Algorithm; Machine Learning; Data Mining; Modeling and Prediction; Self-Organization Techniques; Sustainable Development
T14267,https://openalex.org/T14267,Technology in Education and Healthcare,Education,Social Sciences,Social Sciences,0,other_green,0,Education; Technology; Gender Bias; Digitalization; Distance Learning; TICs; Teaching Experience; Sustainable Development Goals; Remote Education; Social Impact
T11128,https://openalex.org/T11128,Transition Metal Oxide Nanomaterials,Polymers and Plastics,Materials Science,Physical Sciences,0,other_green,0,Electrochromic; Tungsten Oxide; Vanadium Oxide; Smart Glass; Nanocrystals; Metal-Insulator Transition; Thermochromic; Energy Efficiency; Nanostructured Films; Optoelectronic
T13615,https://openalex.org/T13615,Transportation Systems and Safety,Computer Graphics and Computer-Aided Design,Computer Science,Physical Sciences,1,other_green,0,Artificial Neural Network; Reliability Assessment; Electromagnetic Interference; Transport Systems; Maintenance; Intelligent Systems; Information Quality; Speech Recognition; Railway Control; Energy Efficiency
T13276,https://openalex.org/T13276,University-Industry-Government Innovation Models,Management of Technology and Innovation,"Business, Management and Accounting",Social Sciences,0,other_green,0,Quadruple Helix; Innovation Ecosystem; Knowledge Production; Triple Helix; Regional Innovation Systems; Smart Specialization; Mode 3 Knowledge; University-Industry-Government Relations; Sustainable Development; Social Systems
T12147,https://openalex.org/T12147,Urban and Rural Development Challenges,Urban Studies,Social Sciences,Social Sciences,0,other_green,0,Urban Poverty; Slum Upgrading; Housing Policy; Informal Settlements; Urbanization; Land Tenure; Sustainable Development; Community Participation; Health Equity; Poverty Alleviation
T14187,https://openalex.org/T14187,Varied Academic Research Topics,Management Information Systems,"Business, Management and Accounting",Social Sciences,0,other_green,0,E-commerce; Stakeholder Analysis; Higher Education; Climate Change; R&D; Agricultural Firms; Innovation; Digital Economy; ICTs; Global Trade
T12733,https://openalex.org/T12733,Vector-Borne Animal Diseases,"Ecology, Evolution, Behavior and Systematics",Agricultural and Biological Sciences,Life Sciences,0,other_green,0,Bluetongue Virus; Culicoides Biting Midges; Arbovirus Vectors; Europe; Epidemiology; Pathogenesis; Climate Change; Vector Distribution; Vaccines; Genetic Characterization
T10805,https://openalex.org/T10805,Vehicle Dynamics and Control Systems,Automotive Engineering,Engineering,Physical Sciences,0,other_green,0,Vehicle Dynamics; Control Systems; Autonomous Vehicles; Model Predictive Control; Tire-Road Friction Estimation; Active Steering; Yaw Stability Control; Path Tracking; Electric Vehicles; Driver Assistance
T11249,https://openalex.org/T11249,Wireless Power Transfer Systems,Electrical and Electronic Engineering,Engineering,Physical Sciences,0,other_green,0,Wireless Power Transfer; Inductive Power Transfer; Magnetic Resonant Coupling; Electric Vehicle Charging; Contactless Power Transmission; Biomedical Implants; Efficiency Optimization; Coil Design; Dynamic Charging; Implantable Devices
T12725,https://openalex.org/T12725,transportation and logistics systems,Transportation,Social Sciences,Social Sciences,0,other_green,0,European Transport Policy; Sustainable Development; Logistics; Urban Mobility; Rail Transport; Intelligent Transport Systems; External Costs; Intermodal Transport; Public Transport; Infrastructure
T14027,https://openalex.org/T14027,21st Century Education and Governance,Development,Social Sciences,Social Sciences,0,sustainability_policy,0,Sustainable Development Goals; Environmental Policy; Climate Change; 21st Century Skills; Knowledge Management; Global Inequality; Regional Development; Educational Technology; Resource Management; Social Equity
T14279,https://openalex.org/T14279,Academic Research and Education Studies,Global and Planetary Change,Environmental Science,Physical Sciences,0,sustainability_policy,0,Environmental History; Global Crisis; Climate Change; Social Equity; Human Resources; Professional Power; Information Technology; Open Access; Cultural Change; Sustainability Ethics
T13509,https://openalex.org/T13509,Accounting and Financial Management,Accounting,"Business, Management and Accounting",Social Sciences,0,sustainability_policy,0,Sustainability Accounting; International Financial Reporting Standards; Environmental Accounting; Forensic Audit; Competitiveness; Social Responsibility; Education in Accounting; Corporate Social Responsibility; Financial Information; Ethics in Accounting
T13478,https://openalex.org/T13478,Agricultural Development and Management,General Agricultural and Biological Sciences,Agricultural and Biological Sciences,Life Sciences,0,sustainability_policy,0,Agricultural Entrepreneurship; Technology Adoption; Sustainable Farming Practices; Climate Change Impact; Rural Community Empowerment; Extension Services; Food Security; Small-Scale Farming; Youth Participation; Gender Equality
T13378,https://openalex.org/T13378,Agricultural Development and Policies,Agronomy and Crop Science,Agricultural and Biological Sciences,Life Sciences,0,sustainability_policy,0,Russian Agriculture; Agricultural Development; Food Security; Institutional Challenges; Climate Change; State Support; Digitalization; Land Management; Import Substitution; Sustainable Development
T13508,https://openalex.org/T13508,Agricultural Economics and Practices,General Agricultural and Biological Sciences,Agricultural and Biological Sciences,Life Sciences,0,sustainability_policy,0,Agriculture; Development; Policy; Production; Technology; Sustainability; India; Economic Analysis; Climate Change; Food Security
T13678,https://openalex.org/T13678,Agricultural Research and Practices,General Agricultural and Biological Sciences,Agricultural and Biological Sciences,Life Sciences,0,sustainability_policy,0,Agricultural Sustainability; Developing Countries; Climate Change Adaptation; Food Security; Rural Development; Smallholder Farming; Sustainable Management; Community Empowerment; Natural Disaster Management; Trade and Economic Growth
T13520,https://openalex.org/T13520,Architectural and Urban Studies,Conservation,Arts and Humanities,Social Sciences,0,sustainability_policy,0,Urban Design; Cultural Heritage; Traditional Architecture; Community Resilience; Sustainable Development; Local Wisdom; Public Expenditure; Environmental Sustainability; Space Utilization; Ethnic Identity
T12922,https://openalex.org/T12922,Business and Economic Development,"Management, Monitoring, Policy and Law",Environmental Science,Physical Sciences,0,sustainability_policy,0,Sustainable Development; Renewable Energy; Green Investments; Energy Efficiency; Social Safety; Information Economy; Environmental Management; Financial Security; Innovation Development; Macroeconomic Stability
T13774,https://openalex.org/T13774,Citizenship Education and Democracy,Education,Social Sciences,Social Sciences,0,sustainability_policy,0,Citizenship; Education; Social Development; Community; Inclusion; Cultural Diversity; Youth; Gender Equality; Environmental Education; Sustainable Development
T13502,https://openalex.org/T13502,Community and Sustainable Development,Education,Social Sciences,Social Sciences,0,sustainability_policy,0,Community Development; Leadership; Qualitative Research; Sustainable Livelihoods; Rural Development; Social Capital; Capacity Building; Ethical Data Collection; Civic Engagement; Empowerment
T13136,https://openalex.org/T13136,Community-based Tourism Development and Sustainability,Sociology and Political Science,Social Sciences,Social Sciences,0,sustainability_policy,0,Community-based Tourism; Sustainable Development; Local Wisdom; Cultural Ecotourism; Social Economic Impact; Pandemic Response; Environmental Communication; Destination Competitiveness; Rural Destination; Tourism Planning
T12669,https://openalex.org/T12669,Comparative International Legal Studies,Political Science and International Relations,Social Sciences,Social Sciences,0,sustainability_policy,0,Responsibility; Contractual Law; Environmental Regulation; Consumer Rights; Judicial System; Sustainable Development; Civil Liability; Legal Ethics; Corporate Social Responsibility; International Law
T12239,https://openalex.org/T12239,Construction Management and Sustainability,Building and Construction,Engineering,Physical Sciences,1,sustainability_policy,0,Sustainable Urban Development; Energy Efficiency; Renewable Energy Sources; Building Insulation; Historic Building Reconstruction; Smart City Technologies; Environmental Assessment; Infrastructure Projects; Construction Management; Urban Environmental Quality
T14361,https://openalex.org/T14361,Corporate Social Responsibility Disclosure,Gender Studies,Social Sciences,Social Sciences,0,sustainability_policy,0,Gender Equality; Economic Well-being; Livelihood Projects; Corporate Governance; Financial Performance; Climate Change Resilience; Educational Physics Games; Societal Impact; Accounting Conservatism; Rural Livelihoods
T13603,https://openalex.org/T13603,Corporate Social Responsibility and Sustainability,Organizational Behavior and Human Resource Management,"Business, Management and Accounting",Social Sciences,0,sustainability_policy,0,Corporate Social Responsibility; Sustainability; Business Ethics; Social Innovation; Resilient Cities; Climate Change; Stakeholder Engagement; Digital Responsibility; Environmental Policy; Urban Planning
T10747,https://openalex.org/T10747,Disaster Management and Resilience,Sociology and Political Science,Social Sciences,Social Sciences,0,sustainability_policy,0,Resilience; Disaster; Community; Risk; Vulnerability; Emergency Management; Social Capital; Climate Change Adaptation; Hazard Mitigation; Crisis Response
T12457,https://openalex.org/T12457,Ecocriticism and Environmental Literature,Literature and Literary Theory,Arts and Humanities,Social Sciences,0,sustainability_policy,0,Climate Change; Literature; Ecocriticism; Postcolonialism; Environmental Humanities; Anthropocene; Global Warming; Environmental Justice; Fossil Fuels; Ecofeminism
T14066,https://openalex.org/T14066,Economic Development and Regional Competitiveness,Economics and Econometrics,"Economics, Econometrics and Finance",Social Sciences,0,sustainability_policy,0,Regional Competitiveness; Economic Activity; Investment Attractiveness; Cluster Policy; Management Accounting; Innovation Management; Social Infrastructure; Energy Strategy; Sustainable Tourism; Knowledge Management
T13278,https://openalex.org/T13278,Economic and Business Development Strategies,Economics and Econometrics,"Economics, Econometrics and Finance",Social Sciences,1,sustainability_policy,0,Sustainable Development; Resource Efficiency; Green Economy; Innovation Culture; Environmental Management; Global Value Chain; Renewable Energy Sources; Artificial Intelligence; Economic Security; Agricultural Enterprises
T13331,https://openalex.org/T13331,Energy and Environmental Sustainability,"Renewable Energy, Sustainability and the Environment",Energy,Physical Sciences,0,sustainability_policy,0,Renewable Energy; Investment Strategies; Sustainable Development; Fuzzy Decision Making; Global Indicators; Green Supply Chain Management; Financial Development; Innovation Strategies; Environmental Sustainability; Hybrid Modeling
T13190,https://openalex.org/T13190,Engineering and Environmental Studies,Ocean Engineering,Engineering,Physical Sciences,0,sustainability_policy,0,Mining; Technology; Sustainable Development; Innovation; Environmental Management; Resource Extraction; Numerical Modeling; Gas Transportation; Welding; Economic Principles
T12165,https://openalex.org/T12165,Environmental Sustainability and Education,"Management, Monitoring, Policy and Law",Environmental Science,Physical Sciences,0,sustainability_policy,0,Environmental Education; Sustainability; Waste Management; Water Resources; Biodiversity; Renewable Energy; Public Policy; Social Participation; Eco-friendly Practices; Sustainable Development
T13432,https://openalex.org/T13432,Environmental Sustainability and Technology,"Management, Monitoring, Policy and Law",Environmental Science,Physical Sciences,1,sustainability_policy,0,Spatial Development; Environmental Management; Sustainable Development; Regional Policies; Artificial Intelligence; Geographical Analysis; Economic Growth; Remote Sensing; Green Economy; Resource Management
T13148,https://openalex.org/T13148,Environmental and Air Quality Management,Environmental Engineering,Environmental Science,Physical Sciences,0,sustainability_policy,0,Air Quality Management; Statistics; Local Government; Environmental Policy; SPSS; Climate Change; Sustainability; Urbanization; Economic Development; Health Impact
T13557,https://openalex.org/T13557,Environmental and sustainability education,"Management, Monitoring, Policy and Law",Environmental Science,Physical Sciences,0,sustainability_policy,0,Environmental Education; Sustainability; Ecological Economics; Social Responsibility; Climate Change; Ecosystem Management; Sustainable Development; Community Engagement; Biodiversity Conservation; Globalization
T12895,https://openalex.org/T12895,Environmental law and policy,Law,Social Sciences,Social Sciences,0,sustainability_policy,0,Rights of Nature; Environmental Law; Climate Change Litigation; Aarhus Convention; Legal Personhood; Human Rights; Transnational Corporations; Sustainable Development; Global Environmental Constitutionalism; Indigenous Rights
T13760,https://openalex.org/T13760,"Finance, Taxation, and Governance","Management, Monitoring, Policy and Law",Environmental Science,Physical Sciences,0,sustainability_policy,0,Ecotourism; Sustainable Development; Environmental Education; Forest Genetic Diversity; Community Participation; Public Policies; Rural Tourism; Climate Change; Social Sustainability; Natural Resource Management
T14269,https://openalex.org/T14269,Food Security and Socioeconomic Dynamics,General Agricultural and Biological Sciences,Agricultural and Biological Sciences,Life Sciences,0,sustainability_policy,0,Food Security; Agriculture; Biodiversity; Gender Perspective; Health Care; Sustainability; Environmental Impact; Rural Development; Community Empowerment; Socio-economic Factors
T11475,https://openalex.org/T11475,French Urban and Social Studies,Sociology and Political Science,Social Sciences,Social Sciences,0,sustainability_policy,0,Territorial Governance; Environmental Participation; Sustainable Development; Citizen Participation; Local Development; Proximity and Innovation; Rural Territories; Public Policy; Social Justice; Community Engagement
T13755,https://openalex.org/T13755,Global socioeconomic and cultural dynamics,"Geography, Planning and Development",Social Sciences,Social Sciences,0,sustainability_policy,0,Global Development; Policy Analysis; Economic Growth; Sustainable Development; Industrialization; Social Welfare; Environmental Management; Capacity Building; Public Sector Marketing; Education Financing
T13616,https://openalex.org/T13616,"Governance, Compliance, and Sustainability",Strategy and Management,"Business, Management and Accounting",Social Sciences,0,sustainability_policy,0,Sustainable Development; Corporate Compliance; Environmental Protection; Innovation; Legal Regulation; Social Responsibility; Digital Transformation; Economic Growth; Ethical Practices; Governance
T14152,https://openalex.org/T14152,Healthcare Facilities Design and Sustainability,Urban Studies,Social Sciences,Social Sciences,0,sustainability_policy,0,Sustainable Development; Urban Planning; Public Health; Environmental Quality; Healthcare Facilities; Social Inequality; Community Engagement; Climate Change; Peace Engineering; Ethical Governance
T13464,https://openalex.org/T13464,Higher Education and Sustainability,Education,Social Sciences,Social Sciences,0,sustainability_policy,0,Responsabilidad Social Universitaria; Educación Superior; Sostenibilidad; Innovación Social; Formación Docente; Gestión Educativa; Desarrollo Sostenible; Competitividad Institucional; Extensión Universitaria; Aseguramiento de la Calidad
T14350,https://openalex.org/T14350,"Innovation, Sustainability, Human-Machine Systems",Sociology and Political Science,Social Sciences,Social Sciences,1,sustainability_policy,0,Interdependence; Sustainability; Climate Change; Biodiversity; Human Population; Organizational Performance; Corporate Social Responsibility; Ethical Sustainability; Artificial Intelligence; Team Science
T13756,https://openalex.org/T13756,International Environmental Law and Policies,"Management, Monitoring, Policy and Law",Environmental Science,Physical Sciences,0,sustainability_policy,0,International Environmental Law; Nuclear Power; Climate Change; Liability Regimes; Bibliometric Analysis; Sustainable Energy; Global Governance; Environmental Justice; Regulatory Challenges; Indigenous Peoples' Rights
T13942,https://openalex.org/T13942,International Human Rights and Reproductive Law,Political Science and International Relations,Social Sciences,Social Sciences,0,sustainability_policy,0,Human Rights; Gender Equality; International Law; Sustainable Development; Education Policy; Women's Rights; Poverty Reduction; Environmental Governance; Corporate Governance; Social Justice
T14340,https://openalex.org/T14340,Islamic Social Reporting,General Social Sciences,Social Sciences,Social Sciences,0,sustainability_policy,0,Social Communication; Sustainable Development; Education; Corporate Social Responsibility; Renewable Energy Sources; Stakeholder Analysis; Cultural Studies; Islamic Reporting; Community Development; Gender Studies
T13729,https://openalex.org/T13729,Korean Urban and Social Studies,"Management, Monitoring, Policy and Law",Environmental Science,Physical Sciences,0,sustainability_policy,0,Rural Sustainable Development; Housing Market; Community Planning; Residential Mobility; Urban Regeneration; Environmental Satisfaction; Mountain Village Development; Public Housing Critique; Regional Resilience; Social Economic Promotion
T13011,https://openalex.org/T13011,Latin American rural development,General Agricultural and Biological Sciences,Agricultural and Biological Sciences,Life Sciences,0,sustainability_policy,0,Agriculture; Sustainability; Rural Development; Climate Change; Food Security; Globalization; Social Impact; Environmental Policy; Rural Communities; Trade Liberalization
T14452,https://openalex.org/T14452,Mexican Socioeconomic and Environmental Dynamics,"Management, Monitoring, Policy and Law",Environmental Science,Physical Sciences,0,sustainability_policy,0,Environmental Policy; Water Management; Sustainability; Biodiversity Conservation; Community Participation; Climate Change; Resource Governance; Urban Development; Cultural Heritage; Public Health
T11933,https://openalex.org/T11933,Mining and Resource Management,Building and Construction,Engineering,Physical Sciences,0,sustainability_policy,0,Sustainable Development; Mining Industry; Social License to Operate; Environmental Impact; Community Relations; Artisanal Mining; Corporate Social Responsibility; Resource Conflict; Indigenous Participation; Globalization
T13865,https://openalex.org/T13865,Nationalism and Cultural Identity,"Geography, Planning and Development",Social Sciences,Social Sciences,0,sustainability_policy,0,Regional Development; National Identity; Tourism; Territorial Governance; Cultural Heritage; Community Empowerment; Sustainable Development; Bibliometric Review; Innovation in Education; Environmental Governance
T11823,https://openalex.org/T11823,Natural Resources and Economic Development,"General Economics, Econometrics and Finance","Economics, Econometrics and Finance",Social Sciences,0,sustainability_policy,0,Natural Resources; Resource Curse; Political Economy; Oil Wealth; Corruption; Democracy; Institutions; Economic Development; Rent Seeking; Transparency
T14169,https://openalex.org/T14169,Public Health and Environmental Issues,"Health, Toxicology and Mutagenesis",Environmental Science,Physical Sciences,0,sustainability_policy,0,Public Health; Environmental Management; Water Quality; Healthcare Access; Climate Change; Community-based Resource Management; Chronic Disease Control; Epidemiological Analysis; Sustainable Development; Healthcare Policy
T12779,https://openalex.org/T12779,Public Procurement and Policy,Strategy and Management,"Business, Management and Accounting",Social Sciences,0,sustainability_policy,0,Public Procurement; Innovation; Sustainable Procurement; Demand-side Policies; Green Procurement; Small Businesses; Supply Chain Management; Social Procurement; Policy Instruments; Market Success
T14390,https://openalex.org/T14390,Real estate and construction management,Architecture,Engineering,Physical Sciences,1,sustainability_policy,0,Sustainable Development; Urban Planning; Renewable Energy; Architectural Design; Public Engagement; Corporate Governance; Data Mining; Spatial Economics; Regional Development; Environmental Policy
T14284,https://openalex.org/T14284,Social Sciences and Humanities,Political Science and International Relations,Social Sciences,Social Sciences,0,sustainability_policy,0,Political Ecology; Social Movements; Gender Studies; Environmental Justice; Globalization; Indigenous Rights; Education Policy; Sustainable Development; Colonialism; Feminist Theory
T13237,https://openalex.org/T13237,Socio-economic Development and Sustainability,Economics and Econometrics,"Economics, Econometrics and Finance",Social Sciences,0,sustainability_policy,0,Sustainable Development; Economic Growth; Information and Communication Technologies; Energy Efficiency; Entrepreneurship; Global Economy; Innovation; Knowledge Economy; Regional Development; Social Policy
T10119,https://openalex.org/T10119,Sustainability and Climate Change Governance,Global and Planetary Change,Environmental Science,Physical Sciences,0,sustainability_policy,0,Sustainability Transitions; Resilience; Social-Ecological Systems; Adaptive Governance; Climate Change Adaptation; Renewable Energy; Policy Mixes; Scenario Planning; Transition Management; Socio-Technical Perspective
T14453,https://openalex.org/T14453,Sustainability and Innovation in Business,Management of Technology and Innovation,"Business, Management and Accounting",Social Sciences,0,sustainability_policy,0,Sustainable Development; Innovation; Environmental Management; Social Responsibility; Economic Growth; Technology Transfer; Investment Attractiveness; Global Governance; Digitalization; Entrepreneurship
T11835,https://openalex.org/T11835,Sustainability in Higher Education,Education,Social Sciences,Social Sciences,0,sustainability_policy,0,Sustainability Education; Higher Education; Competencies; Curriculum; Sustainable Development Goals; Institutionalization; Environmental Management; Transformative Learning; Leadership for Sustainability; Assessment Tools
T13663,https://openalex.org/T13663,"Sustainability, Environment, and Optimization Algorithms",Water Science and Technology,Environmental Science,Physical Sciences,0,sustainability_policy,0,Water Resources Management; Sustainability; Climate Change; Genetic Algorithm; Multi-Agent System; Healthcare Technology; Land Use Change; Biodiversity Conservation; Natural Resource Accounting; Environmental Policy
T12883,https://openalex.org/T12883,Sustainable Development and Environmental Management,"Management, Monitoring, Policy and Law",Environmental Science,Physical Sciences,0,sustainability_policy,0,Sustainable Development; Environmental Economics; Resource Management; Climate Change; Social Responsibility; Economic Appraisal; Renewable Energy; Globalization; Ecological Philosophy; Green Economy
T12013,https://openalex.org/T12013,Sustainable Development and Environmental Policy,"Management, Monitoring, Policy and Law",Environmental Science,Physical Sciences,0,sustainability_policy,0,Sustainability Indicators; Environmental Sustainability; Genuine Progress Indicator; Economic Growth; Natural Capital; Weak and Strong Sustainability; Global Genuine Progress; Ecological Economics; Inclusive Wealth; Sustainability Assessment
T13893,https://openalex.org/T13893,Sustainable Development and Policies,"Management, Monitoring, Policy and Law",Environmental Science,Physical Sciences,0,sustainability_policy,0,Green Jobs; Sustainable Development; Low-Carbon Economy; Renewable Energy; Climate Change; Environmental Sustainability; Social Innovation; Economic Growth; Workforce Transition; Policy Challenges
T13146,https://openalex.org/T13146,Sustainable Finance and Green Bonds,Finance,"Economics, Econometrics and Finance",Social Sciences,0,sustainability_policy,0,Green Bonds; Climate Finance; Financial Stability; Monetary Policy; Sustainable Development; Climate Risks; Bond Pricing; Investment; Corporate Performance; Transition to Low-Carbon Economy
T14520,https://openalex.org/T14520,Sustainable Urban and Rural Development,Urban Studies,Social Sciences,Social Sciences,0,sustainability_policy,0,Slow Cities; Sustainable Development; Urban Sustainability; Local Community; Quality of Life; CittàSlow Movement; Small Towns; Socio-economic Development; Cultural Heritage; Environmental Conservation
T13424,https://openalex.org/T13424,"Ukraine: War, Education, Health",Global and Planetary Change,Environmental Science,Physical Sciences,0,sustainability_policy,0,Anthropocene; population; climate change; education; neuroscience; geological impact; migration; health; sustainability; biodiversity
T13689,https://openalex.org/T13689,Underground infrastructure and sustainability,Building and Construction,Engineering,Physical Sciences,0,sustainability_policy,0,Urban Underground Space; Sustainable Development; Utility Tunnels; Spatial Planning; Subsurface Resource; Infrastructure; Sustainability Assessment; Urban Resilience; GIS-based Evaluation; Integrated Planning
T12502,https://openalex.org/T12502,Urbanization and City Planning,Urban Studies,Social Sciences,Social Sciences,0,sustainability_policy,0,Shrinking Cities; Urban Decline; Post-Socialist Urbanism; Socio-Spatial Disparities; Vacant Land Management; Suburbanization; Population Loss; Resilient Urban Transition; Housing Abandonment; Sustainability in Declining Cities
T12724,https://openalex.org/T12724,Water-Energy-Food Nexus Studies,Water Science and Technology,Environmental Science,Physical Sciences,0,sustainability_policy,0,Nexus; Water; Energy; Food; Sustainability; Climate Change; Integrated Modeling; Resource Management; Policy; Interdisciplinary Approach
T13933,https://openalex.org/T13933,Whitehead's Philosophy and Applications,"Management, Monitoring, Policy and Law",Environmental Science,Physical Sciences,0,sustainability_policy,0,Green Economics; Sustainability; Environmental Social Science; Climate Change; Civil Commons; Globalization; Anti-Capitalism; Ecofeminism; Corporate Governance; Social Justice
